id,item_group_id,title,description,availability,condition,price,link,image_link,additional_image_link,brand,gtin,mpn,product_type
"15920624632182-58925389152630","15920624632182","DeskRebel CurlForce – Bizeps-Widerstandsband mit Doppelgriff - Schwarz","Curl it. Pump it. Überall. Das CurlForce ist ein Widerstandsband mit zwei Griffen für dein Arm-Workout – z. B. für Bizeps-Curls, Schulterdrücken oder Rudern. Ohne Hanteln, ohne Studio: Band einpacken und zu Hause, im Büro oder unterwegs trainieren. Warum du es willst Zwei Griffe für sicheren Halt bei jeder Wiederholung Trainiert Bizeps, Trizeps, Schultern und Rücken Leicht und kompakt – passt in jede Tasche In Schwarz oder Grün Technische Daten Typ Widerstandsband mit Doppelgriff Griffe 2 Farben Schwarz, Grün Einsatz Bizeps, Trizeps, Schultern, Rücken Lieferumfang 1 × CurlForce in der gewählten Farbe Sportartikel, kein Medizinprodukt. Vor Gebrauch auf Beschädigungen prüfen, Band nicht überdehnen, Belastung langsam steigern und bei Beschwerden ärztlichen Rat einholen.","in stock","new","28.99 EUR","https://www.deskrebel.store/products/curlforce-bizeps-widerstandsband?variant=58925389152630","https://cdn.shopify.com/s/files/1/1019/2368/4726/files/hf_20261007_232326_fde9f2c8-4f3f-4241-bdf3-4b4e4f20b6c8.png?v=1791415534","https://cdn.shopify.com/s/files/1/1019/2368/4726/files/hf_20261007_232326_70261764-d88a-45f3-903c-03e9ee2ec730.png?v=1791415535,https://cdn.shopify.com/s/files/1/1019/2368/4726/files/hf_20261007_232442_b41097a1-5cf5-4d1c-942a-c8f742660d5b.png?v=1791415534,https://cdn.shopify.com/s/files/1/1019/2368/4726/files/hf_20261007_232325_5a227aaf-62c6-442e-b0e4-f812219e3e7f.png?v=1791415534,https://cdn.shopify.com/s/files/1/1019/2368/4726/files/hf_20261007_232326_a5363d2c-eb30-43c9-ae92-9eba725683c1.png?v=1791415534,https://cdn.shopify.com/s/files/1/1019/2368/4726/files/hf_20261007_232442_14f167d6-769c-40a1-a9eb-1766c6e973f5.png?v=1791415534,https://cdn.shopify.com/s/files/1/1019/2368/4726/files/O1CN01esJAY1MKqnH24uCu__2528865453-0-cib.jpg?v=1791414787,https://cdn.shopify.com/s/files/1/1019/2368/4726/files/O1CN01HK5Kd5pqBDF24uCu__2528865453-0-cib.jpg?v=1791414787,https://cdn.shopify.com/s/files/1/1019/2368/4726/files/O1CN01q7O6zQiZz9C24uCu__2528865453-0-cib.jpg?v=1791414787,https://cdn.shopify.com/s/files/1/1019/2368/4726/files/O1CN01o2aTES1zblB24uCu__2528865453-0-cib.jpg?v=1791414787,https://cdn.shopify.com/s/files/1/1019/2368/4726/files/O1CN01pSpaPc3MTfB24uCu__2528865453-0-cib.jpg?v=1791414787","DeskRebel","","6295233270639","Widerstandsbänder"
"15920624632182-58925389185398","15920624632182","DeskRebel CurlForce – Bizeps-Widerstandsband mit Doppelgriff - Grün","Curl it. Pump it. Überall. Das CurlForce ist ein Widerstandsband mit zwei Griffen für dein Arm-Workout – z. B. für Bizeps-Curls, Schulterdrücken oder Rudern. Ohne Hanteln, ohne Studio: Band einpacken und zu Hause, im Büro oder unterwegs trainieren. Warum du es willst Zwei Griffe für sicheren Halt bei jeder Wiederholung Trainiert Bizeps, Trizeps, Schultern und Rücken Leicht und kompakt – passt in jede Tasche In Schwarz oder Grün Technische Daten Typ Widerstandsband mit Doppelgriff Griffe 2 Farben Schwarz, Grün Einsatz Bizeps, Trizeps, Schultern, Rücken Lieferumfang 1 × CurlForce in der gewählten Farbe Sportartikel, kein Medizinprodukt. Vor Gebrauch auf Beschädigungen prüfen, Band nicht überdehnen, Belastung langsam steigern und bei Beschwerden ärztlichen Rat einholen.","in stock","new","28.99 EUR","https://www.deskrebel.store/products/curlforce-bizeps-widerstandsband?variant=58925389185398","https://cdn.shopify.com/s/files/1/1019/2368/4726/files/hf_20261007_232442_14f167d6-769c-40a1-a9eb-1766c6e973f5.png?v=1791415534","https://cdn.shopify.com/s/files/1/1019/2368/4726/files/hf_20261007_232326_70261764-d88a-45f3-903c-03e9ee2ec730.png?v=1791415535,https://cdn.shopify.com/s/files/1/1019/2368/4726/files/hf_20261007_232442_b41097a1-5cf5-4d1c-942a-c8f742660d5b.png?v=1791415534,https://cdn.shopify.com/s/files/1/1019/2368/4726/files/hf_20261007_232325_5a227aaf-62c6-442e-b0e4-f812219e3e7f.png?v=1791415534,https://cdn.shopify.com/s/files/1/1019/2368/4726/files/hf_20261007_232326_a5363d2c-eb30-43c9-ae92-9eba725683c1.png?v=1791415534,https://cdn.shopify.com/s/files/1/1019/2368/4726/files/hf_20261007_232326_fde9f2c8-4f3f-4241-bdf3-4b4e4f20b6c8.png?v=1791415534,https://cdn.shopify.com/s/files/1/1019/2368/4726/files/O1CN01esJAY1MKqnH24uCu__2528865453-0-cib.jpg?v=1791414787,https://cdn.shopify.com/s/files/1/1019/2368/4726/files/O1CN01HK5Kd5pqBDF24uCu__2528865453-0-cib.jpg?v=1791414787,https://cdn.shopify.com/s/files/1/1019/2368/4726/files/O1CN01q7O6zQiZz9C24uCu__2528865453-0-cib.jpg?v=1791414787,https://cdn.shopify.com/s/files/1/1019/2368/4726/files/O1CN01o2aTES1zblB24uCu__2528865453-0-cib.jpg?v=1791414787,https://cdn.shopify.com/s/files/1/1019/2368/4726/files/O1CN01pSpaPc3MTfB24uCu__2528865453-0-cib.jpg?v=1791414787","DeskRebel","","6139523396651","Widerstandsbänder"
"15896035787126-58799584838006","15896035787126","DeskRebel PowerBand – Klimmzugband & Widerstandsband - Gelb · 2–7 kg · Warm-up","Dein Klimmzug-Upgrade – überall, jederzeit. Das PowerBand ist ein endloses Latex-Loopband für Klimmzug-Unterstützung, Stretching und Krafttraining. Acht Stärken von Warm-up bis Profi – nimm eins für den Einstieg oder kombiniere mehrere für echte Progression. Warum du es willst Unterstützt dich bei Klimmzügen und Dips, bis du sie allein schaffst Perfekt für Squats, Rudern, Bankdrücken-Variationen und Mobility Acht Stärken – farblich codiert, du siehst sofort, welches Band du greifst Leicht und klein – passt in jede Sporttasche Technische Daten Material Naturlatex Form Endlos-Loop (Ring) Widerstand je nach Variante ca. 2–127 kg Einsatz Klimmzug, Kraft, Stretching, Mobility Lieferumfang 1 × PowerBand in der gewählten Stärke Sportartikel, kein Medizinprodukt. Vor Gebrauch auf Beschädigungen prüfen, Belastung langsam steigern und bei Beschwerden ärztlichen Rat einholen.","in stock","new","26.99 EUR","https://www.deskrebel.store/products/powerband-klimmzugband-widerstandsband?variant=58799584838006","https://cdn.shopify.com/s/files/1/1019/2368/4726/files/hf_20260924_050035_ca70a877-5edb-49f7-be5c-d23c34416f1f.png?v=1790227105","https://cdn.shopify.com/s/files/1/1019/2368/4726/files/hf_20260924_045320_b77d39f5-6c91-4a15-9ede-d799050bc1c2.png?v=1790227105,https://cdn.shopify.com/s/files/1/1019/2368/4726/files/hf_20260924_050118_e8ed69dd-358e-462e-8d8e-fc360fbf0248.png?v=1790227105,https://cdn.shopify.com/s/files/1/1019/2368/4726/files/hf_20260924_050035_198afcd6-bc36-4b04-a6c8-6e63bda2e640.png?v=1790227105,https://cdn.shopify.com/s/files/1/1019/2368/4726/files/hf_20260924_050036_8eade80d-3341-45d1-af24-7244664aa9d2.png?v=1790227105,https://cdn.shopify.com/s/files/1/1019/2368/4726/files/hf_20260924_050036_1ffc6765-ea3f-4c18-97c5-3ab16bd0c14e.png?v=1790227105,https://cdn.shopify.com/s/files/1/1019/2368/4726/files/hf_20260924_050035_fedd6e54-22f4-4168-adec-e22cc455d0c4.png?v=1790227105,https://cdn.shopify.com/s/files/1/1019/2368/4726/files/hf_20260924_050118_4753fa02-1e3a-49ba-a6db-8eb8f1de75c7.png?v=1790227105,https://cdn.shopify.com/s/files/1/1019/2368/4726/files/hf_20260924_050036_74075e41-40a8-4189-998e-7f81af5c67df.png?v=1790227105,https://cdn.shopify.com/s/files/1/1019/2368/4726/files/hf_20260924_050118_0ccf981f-0121-42ff-8441-930f374cfda5.png?v=1790227105,https://cdn.shopify.com/s/files/1/1019/2368/4726/files/hf_20260924_050035_c0664a1a-9615-4692-9964-74f765043b1b.png?v=1790227105","DeskRebel","","5012475301211","Widerstandsbänder"
"15896035787126-58799584870774","15896035787126","DeskRebel PowerBand – Klimmzugband & Widerstandsband - Rot · 7–16 kg · Einstieg","Dein Klimmzug-Upgrade – überall, jederzeit. Das PowerBand ist ein endloses Latex-Loopband für Klimmzug-Unterstützung, Stretching und Krafttraining. Acht Stärken von Warm-up bis Profi – nimm eins für den Einstieg oder kombiniere mehrere für echte Progression. Warum du es willst Unterstützt dich bei Klimmzügen und Dips, bis du sie allein schaffst Perfekt für Squats, Rudern, Bankdrücken-Variationen und Mobility Acht Stärken – farblich codiert, du siehst sofort, welches Band du greifst Leicht und klein – passt in jede Sporttasche Technische Daten Material Naturlatex Form Endlos-Loop (Ring) Widerstand je nach Variante ca. 2–127 kg Einsatz Klimmzug, Kraft, Stretching, Mobility Lieferumfang 1 × PowerBand in der gewählten Stärke Sportartikel, kein Medizinprodukt. Vor Gebrauch auf Beschädigungen prüfen, Belastung langsam steigern und bei Beschwerden ärztlichen Rat einholen.","in stock","new","26.99 EUR","https://www.deskrebel.store/products/powerband-klimmzugband-widerstandsband?variant=58799584870774","https://cdn.shopify.com/s/files/1/1019/2368/4726/files/hf_20260924_050035_fedd6e54-22f4-4168-adec-e22cc455d0c4.png?v=1790227105","https://cdn.shopify.com/s/files/1/1019/2368/4726/files/hf_20260924_045320_b77d39f5-6c91-4a15-9ede-d799050bc1c2.png?v=1790227105,https://cdn.shopify.com/s/files/1/1019/2368/4726/files/hf_20260924_050118_e8ed69dd-358e-462e-8d8e-fc360fbf0248.png?v=1790227105,https://cdn.shopify.com/s/files/1/1019/2368/4726/files/hf_20260924_050035_198afcd6-bc36-4b04-a6c8-6e63bda2e640.png?v=1790227105,https://cdn.shopify.com/s/files/1/1019/2368/4726/files/hf_20260924_050036_8eade80d-3341-45d1-af24-7244664aa9d2.png?v=1790227105,https://cdn.shopify.com/s/files/1/1019/2368/4726/files/hf_20260924_050036_1ffc6765-ea3f-4c18-97c5-3ab16bd0c14e.png?v=1790227105,https://cdn.shopify.com/s/files/1/1019/2368/4726/files/hf_20260924_050035_ca70a877-5edb-49f7-be5c-d23c34416f1f.png?v=1790227105,https://cdn.shopify.com/s/files/1/1019/2368/4726/files/hf_20260924_050118_4753fa02-1e3a-49ba-a6db-8eb8f1de75c7.png?v=1790227105,https://cdn.shopify.com/s/files/1/1019/2368/4726/files/hf_20260924_050036_74075e41-40a8-4189-998e-7f81af5c67df.png?v=1790227105,https://cdn.shopify.com/s/files/1/1019/2368/4726/files/hf_20260924_050118_0ccf981f-0121-42ff-8441-930f374cfda5.png?v=1790227105,https://cdn.shopify.com/s/files/1/1019/2368/4726/files/hf_20260924_050035_c0664a1a-9615-4692-9964-74f765043b1b.png?v=1790227105","DeskRebel","","5012475301212","Widerstandsbänder"
"15896035787126-58799584903542","15896035787126","DeskRebel PowerBand – Klimmzugband & Widerstandsband - Schwarz · 11–29 kg · Einstieg+","Dein Klimmzug-Upgrade – überall, jederzeit. Das PowerBand ist ein endloses Latex-Loopband für Klimmzug-Unterstützung, Stretching und Krafttraining. Acht Stärken von Warm-up bis Profi – nimm eins für den Einstieg oder kombiniere mehrere für echte Progression. Warum du es willst Unterstützt dich bei Klimmzügen und Dips, bis du sie allein schaffst Perfekt für Squats, Rudern, Bankdrücken-Variationen und Mobility Acht Stärken – farblich codiert, du siehst sofort, welches Band du greifst Leicht und klein – passt in jede Sporttasche Technische Daten Material Naturlatex Form Endlos-Loop (Ring) Widerstand je nach Variante ca. 2–127 kg Einsatz Klimmzug, Kraft, Stretching, Mobility Lieferumfang 1 × PowerBand in der gewählten Stärke Sportartikel, kein Medizinprodukt. Vor Gebrauch auf Beschädigungen prüfen, Belastung langsam steigern und bei Beschwerden ärztlichen Rat einholen.","in stock","new","27.99 EUR","https://www.deskrebel.store/products/powerband-klimmzugband-widerstandsband?variant=58799584903542","https://cdn.shopify.com/s/files/1/1019/2368/4726/files/hf_20260924_050118_4753fa02-1e3a-49ba-a6db-8eb8f1de75c7.png?v=1790227105","https://cdn.shopify.com/s/files/1/1019/2368/4726/files/hf_20260924_045320_b77d39f5-6c91-4a15-9ede-d799050bc1c2.png?v=1790227105,https://cdn.shopify.com/s/files/1/1019/2368/4726/files/hf_20260924_050118_e8ed69dd-358e-462e-8d8e-fc360fbf0248.png?v=1790227105,https://cdn.shopify.com/s/files/1/1019/2368/4726/files/hf_20260924_050035_198afcd6-bc36-4b04-a6c8-6e63bda2e640.png?v=1790227105,https://cdn.shopify.com/s/files/1/1019/2368/4726/files/hf_20260924_050036_8eade80d-3341-45d1-af24-7244664aa9d2.png?v=1790227105,https://cdn.shopify.com/s/files/1/1019/2368/4726/files/hf_20260924_050036_1ffc6765-ea3f-4c18-97c5-3ab16bd0c14e.png?v=1790227105,https://cdn.shopify.com/s/files/1/1019/2368/4726/files/hf_20260924_050035_ca70a877-5edb-49f7-be5c-d23c34416f1f.png?v=1790227105,https://cdn.shopify.com/s/files/1/1019/2368/4726/files/hf_20260924_050035_fedd6e54-22f4-4168-adec-e22cc455d0c4.png?v=1790227105,https://cdn.shopify.com/s/files/1/1019/2368/4726/files/hf_20260924_050036_74075e41-40a8-4189-998e-7f81af5c67df.png?v=1790227105,https://cdn.shopify.com/s/files/1/1019/2368/4726/files/hf_20260924_050118_0ccf981f-0121-42ff-8441-930f374cfda5.png?v=1790227105,https://cdn.shopify.com/s/files/1/1019/2368/4726/files/hf_20260924_050035_c0664a1a-9615-4692-9964-74f765043b1b.png?v=1790227105","DeskRebel","","5012475301208","Widerstandsbänder"
"15896035787126-58799584936310","15896035787126","DeskRebel PowerBand – Klimmzugband & Widerstandsband - Lila · 16–39 kg · Fortgeschritten","Dein Klimmzug-Upgrade – überall, jederzeit. Das PowerBand ist ein endloses Latex-Loopband für Klimmzug-Unterstützung, Stretching und Krafttraining. Acht Stärken von Warm-up bis Profi – nimm eins für den Einstieg oder kombiniere mehrere für echte Progression. Warum du es willst Unterstützt dich bei Klimmzügen und Dips, bis du sie allein schaffst Perfekt für Squats, Rudern, Bankdrücken-Variationen und Mobility Acht Stärken – farblich codiert, du siehst sofort, welches Band du greifst Leicht und klein – passt in jede Sporttasche Technische Daten Material Naturlatex Form Endlos-Loop (Ring) Widerstand je nach Variante ca. 2–127 kg Einsatz Klimmzug, Kraft, Stretching, Mobility Lieferumfang 1 × PowerBand in der gewählten Stärke Sportartikel, kein Medizinprodukt. Vor Gebrauch auf Beschädigungen prüfen, Belastung langsam steigern und bei Beschwerden ärztlichen Rat einholen.","in stock","new","28.99 EUR","https://www.deskrebel.store/products/powerband-klimmzugband-widerstandsband?variant=58799584936310","https://cdn.shopify.com/s/files/1/1019/2368/4726/files/hf_20260924_050036_74075e41-40a8-4189-998e-7f81af5c67df.png?v=1790227105","https://cdn.shopify.com/s/files/1/1019/2368/4726/files/hf_20260924_045320_b77d39f5-6c91-4a15-9ede-d799050bc1c2.png?v=1790227105,https://cdn.shopify.com/s/files/1/1019/2368/4726/files/hf_20260924_050118_e8ed69dd-358e-462e-8d8e-fc360fbf0248.png?v=1790227105,https://cdn.shopify.com/s/files/1/1019/2368/4726/files/hf_20260924_050035_198afcd6-bc36-4b04-a6c8-6e63bda2e640.png?v=1790227105,https://cdn.shopify.com/s/files/1/1019/2368/4726/files/hf_20260924_050036_8eade80d-3341-45d1-af24-7244664aa9d2.png?v=1790227105,https://cdn.shopify.com/s/files/1/1019/2368/4726/files/hf_20260924_050036_1ffc6765-ea3f-4c18-97c5-3ab16bd0c14e.png?v=1790227105,https://cdn.shopify.com/s/files/1/1019/2368/4726/files/hf_20260924_050035_ca70a877-5edb-49f7-be5c-d23c34416f1f.png?v=1790227105,https://cdn.shopify.com/s/files/1/1019/2368/4726/files/hf_20260924_050035_fedd6e54-22f4-4168-adec-e22cc455d0c4.png?v=1790227105,https://cdn.shopify.com/s/files/1/1019/2368/4726/files/hf_20260924_050118_4753fa02-1e3a-49ba-a6db-8eb8f1de75c7.png?v=1790227105,https://cdn.shopify.com/s/files/1/1019/2368/4726/files/hf_20260924_050118_0ccf981f-0121-42ff-8441-930f374cfda5.png?v=1790227105,https://cdn.shopify.com/s/files/1/1019/2368/4726/files/hf_20260924_050035_c0664a1a-9615-4692-9964-74f765043b1b.png?v=1790227105","DeskRebel","","5012475301209","Widerstandsbänder"
"15896035787126-58799584969078","15896035787126","DeskRebel PowerBand – Klimmzugband & Widerstandsband - Grün · 23–57 kg · Stark","Dein Klimmzug-Upgrade – überall, jederzeit. Das PowerBand ist ein endloses Latex-Loopband für Klimmzug-Unterstützung, Stretching und Krafttraining. Acht Stärken von Warm-up bis Profi – nimm eins für den Einstieg oder kombiniere mehrere für echte Progression. Warum du es willst Unterstützt dich bei Klimmzügen und Dips, bis du sie allein schaffst Perfekt für Squats, Rudern, Bankdrücken-Variationen und Mobility Acht Stärken – farblich codiert, du siehst sofort, welches Band du greifst Leicht und klein – passt in jede Sporttasche Technische Daten Material Naturlatex Form Endlos-Loop (Ring) Widerstand je nach Variante ca. 2–127 kg Einsatz Klimmzug, Kraft, Stretching, Mobility Lieferumfang 1 × PowerBand in der gewählten Stärke Sportartikel, kein Medizinprodukt. Vor Gebrauch auf Beschädigungen prüfen, Belastung langsam steigern und bei Beschwerden ärztlichen Rat einholen.","in stock","new","28.99 EUR","https://www.deskrebel.store/products/powerband-klimmzugband-widerstandsband?variant=58799584969078","https://cdn.shopify.com/s/files/1/1019/2368/4726/files/hf_20260924_050118_0ccf981f-0121-42ff-8441-930f374cfda5.png?v=1790227105","https://cdn.shopify.com/s/files/1/1019/2368/4726/files/hf_20260924_045320_b77d39f5-6c91-4a15-9ede-d799050bc1c2.png?v=1790227105,https://cdn.shopify.com/s/files/1/1019/2368/4726/files/hf_20260924_050118_e8ed69dd-358e-462e-8d8e-fc360fbf0248.png?v=1790227105,https://cdn.shopify.com/s/files/1/1019/2368/4726/files/hf_20260924_050035_198afcd6-bc36-4b04-a6c8-6e63bda2e640.png?v=1790227105,https://cdn.shopify.com/s/files/1/1019/2368/4726/files/hf_20260924_050036_8eade80d-3341-45d1-af24-7244664aa9d2.png?v=1790227105,https://cdn.shopify.com/s/files/1/1019/2368/4726/files/hf_20260924_050036_1ffc6765-ea3f-4c18-97c5-3ab16bd0c14e.png?v=1790227105,https://cdn.shopify.com/s/files/1/1019/2368/4726/files/hf_20260924_050035_ca70a877-5edb-49f7-be5c-d23c34416f1f.png?v=1790227105,https://cdn.shopify.com/s/files/1/1019/2368/4726/files/hf_20260924_050035_fedd6e54-22f4-4168-adec-e22cc455d0c4.png?v=1790227105,https://cdn.shopify.com/s/files/1/1019/2368/4726/files/hf_20260924_050118_4753fa02-1e3a-49ba-a6db-8eb8f1de75c7.png?v=1790227105,https://cdn.shopify.com/s/files/1/1019/2368/4726/files/hf_20260924_050036_74075e41-40a8-4189-998e-7f81af5c67df.png?v=1790227105,https://cdn.shopify.com/s/files/1/1019/2368/4726/files/hf_20260924_050035_c0664a1a-9615-4692-9964-74f765043b1b.png?v=1790227105","DeskRebel","","5012475301213","Widerstandsbänder"
"15896035787126-58799585001846","15896035787126","DeskRebel PowerBand – Klimmzugband & Widerstandsband - Blau · 29–79 kg · Sehr stark","Dein Klimmzug-Upgrade – überall, jederzeit. Das PowerBand ist ein endloses Latex-Loopband für Klimmzug-Unterstützung, Stretching und Krafttraining. Acht Stärken von Warm-up bis Profi – nimm eins für den Einstieg oder kombiniere mehrere für echte Progression. Warum du es willst Unterstützt dich bei Klimmzügen und Dips, bis du sie allein schaffst Perfekt für Squats, Rudern, Bankdrücken-Variationen und Mobility Acht Stärken – farblich codiert, du siehst sofort, welches Band du greifst Leicht und klein – passt in jede Sporttasche Technische Daten Material Naturlatex Form Endlos-Loop (Ring) Widerstand je nach Variante ca. 2–127 kg Einsatz Klimmzug, Kraft, Stretching, Mobility Lieferumfang 1 × PowerBand in der gewählten Stärke Sportartikel, kein Medizinprodukt. Vor Gebrauch auf Beschädigungen prüfen, Belastung langsam steigern und bei Beschwerden ärztlichen Rat einholen.","in stock","new","30.99 EUR","https://www.deskrebel.store/products/powerband-klimmzugband-widerstandsband?variant=58799585001846","https://cdn.shopify.com/s/files/1/1019/2368/4726/files/hf_20260924_050035_c0664a1a-9615-4692-9964-74f765043b1b.png?v=1790227105","https://cdn.shopify.com/s/files/1/1019/2368/4726/files/hf_20260924_045320_b77d39f5-6c91-4a15-9ede-d799050bc1c2.png?v=1790227105,https://cdn.shopify.com/s/files/1/1019/2368/4726/files/hf_20260924_050118_e8ed69dd-358e-462e-8d8e-fc360fbf0248.png?v=1790227105,https://cdn.shopify.com/s/files/1/1019/2368/4726/files/hf_20260924_050035_198afcd6-bc36-4b04-a6c8-6e63bda2e640.png?v=1790227105,https://cdn.shopify.com/s/files/1/1019/2368/4726/files/hf_20260924_050036_8eade80d-3341-45d1-af24-7244664aa9d2.png?v=1790227105,https://cdn.shopify.com/s/files/1/1019/2368/4726/files/hf_20260924_050036_1ffc6765-ea3f-4c18-97c5-3ab16bd0c14e.png?v=1790227105,https://cdn.shopify.com/s/files/1/1019/2368/4726/files/hf_20260924_050035_ca70a877-5edb-49f7-be5c-d23c34416f1f.png?v=1790227105,https://cdn.shopify.com/s/files/1/1019/2368/4726/files/hf_20260924_050035_fedd6e54-22f4-4168-adec-e22cc455d0c4.png?v=1790227105,https://cdn.shopify.com/s/files/1/1019/2368/4726/files/hf_20260924_050118_4753fa02-1e3a-49ba-a6db-8eb8f1de75c7.png?v=1790227105,https://cdn.shopify.com/s/files/1/1019/2368/4726/files/hf_20260924_050036_74075e41-40a8-4189-998e-7f81af5c67df.png?v=1790227105,https://cdn.shopify.com/s/files/1/1019/2368/4726/files/hf_20260924_050118_0ccf981f-0121-42ff-8441-930f374cfda5.png?v=1790227105","DeskRebel","","5319571225304","Widerstandsbänder"
"15896035787126-58799585034614","15896035787126","DeskRebel PowerBand – Klimmzugband & Widerstandsband - Orange · 39–104 kg · Profi","Dein Klimmzug-Upgrade – überall, jederzeit. Das PowerBand ist ein endloses Latex-Loopband für Klimmzug-Unterstützung, Stretching und Krafttraining. Acht Stärken von Warm-up bis Profi – nimm eins für den Einstieg oder kombiniere mehrere für echte Progression. Warum du es willst Unterstützt dich bei Klimmzügen und Dips, bis du sie allein schaffst Perfekt für Squats, Rudern, Bankdrücken-Variationen und Mobility Acht Stärken – farblich codiert, du siehst sofort, welches Band du greifst Leicht und klein – passt in jede Sporttasche Technische Daten Material Naturlatex Form Endlos-Loop (Ring) Widerstand je nach Variante ca. 2–127 kg Einsatz Klimmzug, Kraft, Stretching, Mobility Lieferumfang 1 × PowerBand in der gewählten Stärke Sportartikel, kein Medizinprodukt. Vor Gebrauch auf Beschädigungen prüfen, Belastung langsam steigern und bei Beschwerden ärztlichen Rat einholen.","in stock","new","30.99 EUR","https://www.deskrebel.store/products/powerband-klimmzugband-widerstandsband?variant=58799585034614","https://cdn.shopify.com/s/files/1/1019/2368/4726/files/hf_20260924_050035_59350dbb-c6f2-4b70-86a5-72fe35093a3c.png?v=1790227105","https://cdn.shopify.com/s/files/1/1019/2368/4726/files/hf_20260924_045320_b77d39f5-6c91-4a15-9ede-d799050bc1c2.png?v=1790227105,https://cdn.shopify.com/s/files/1/1019/2368/4726/files/hf_20260924_050118_e8ed69dd-358e-462e-8d8e-fc360fbf0248.png?v=1790227105,https://cdn.shopify.com/s/files/1/1019/2368/4726/files/hf_20260924_050035_198afcd6-bc36-4b04-a6c8-6e63bda2e640.png?v=1790227105,https://cdn.shopify.com/s/files/1/1019/2368/4726/files/hf_20260924_050036_8eade80d-3341-45d1-af24-7244664aa9d2.png?v=1790227105,https://cdn.shopify.com/s/files/1/1019/2368/4726/files/hf_20260924_050036_1ffc6765-ea3f-4c18-97c5-3ab16bd0c14e.png?v=1790227105,https://cdn.shopify.com/s/files/1/1019/2368/4726/files/hf_20260924_050035_ca70a877-5edb-49f7-be5c-d23c34416f1f.png?v=1790227105,https://cdn.shopify.com/s/files/1/1019/2368/4726/files/hf_20260924_050035_fedd6e54-22f4-4168-adec-e22cc455d0c4.png?v=1790227105,https://cdn.shopify.com/s/files/1/1019/2368/4726/files/hf_20260924_050118_4753fa02-1e3a-49ba-a6db-8eb8f1de75c7.png?v=1790227105,https://cdn.shopify.com/s/files/1/1019/2368/4726/files/hf_20260924_050036_74075e41-40a8-4189-998e-7f81af5c67df.png?v=1790227105,https://cdn.shopify.com/s/files/1/1019/2368/4726/files/hf_20260924_050118_0ccf981f-0121-42ff-8441-930f374cfda5.png?v=1790227105","DeskRebel","","5319571225305","Widerstandsbänder"
"15896035787126-58799585067382","15896035787126","DeskRebel PowerBand – Klimmzugband & Widerstandsband - Grau · 41–127 kg · Profi+","Dein Klimmzug-Upgrade – überall, jederzeit. Das PowerBand ist ein endloses Latex-Loopband für Klimmzug-Unterstützung, Stretching und Krafttraining. Acht Stärken von Warm-up bis Profi – nimm eins für den Einstieg oder kombiniere mehrere für echte Progression. Warum du es willst Unterstützt dich bei Klimmzügen und Dips, bis du sie allein schaffst Perfekt für Squats, Rudern, Bankdrücken-Variationen und Mobility Acht Stärken – farblich codiert, du siehst sofort, welches Band du greifst Leicht und klein – passt in jede Sporttasche Technische Daten Material Naturlatex Form Endlos-Loop (Ring) Widerstand je nach Variante ca. 2–127 kg Einsatz Klimmzug, Kraft, Stretching, Mobility Lieferumfang 1 × PowerBand in der gewählten Stärke Sportartikel, kein Medizinprodukt. Vor Gebrauch auf Beschädigungen prüfen, Belastung langsam steigern und bei Beschwerden ärztlichen Rat einholen.","in stock","new","32.99 EUR","https://www.deskrebel.store/products/powerband-klimmzugband-widerstandsband?variant=58799585067382","https://cdn.shopify.com/s/files/1/1019/2368/4726/files/hf_20260924_050035_52b07252-53c2-49b6-a13b-0ac1d95e20f8.png?v=1790227105","https://cdn.shopify.com/s/files/1/1019/2368/4726/files/hf_20260924_045320_b77d39f5-6c91-4a15-9ede-d799050bc1c2.png?v=1790227105,https://cdn.shopify.com/s/files/1/1019/2368/4726/files/hf_20260924_050118_e8ed69dd-358e-462e-8d8e-fc360fbf0248.png?v=1790227105,https://cdn.shopify.com/s/files/1/1019/2368/4726/files/hf_20260924_050035_198afcd6-bc36-4b04-a6c8-6e63bda2e640.png?v=1790227105,https://cdn.shopify.com/s/files/1/1019/2368/4726/files/hf_20260924_050036_8eade80d-3341-45d1-af24-7244664aa9d2.png?v=1790227105,https://cdn.shopify.com/s/files/1/1019/2368/4726/files/hf_20260924_050036_1ffc6765-ea3f-4c18-97c5-3ab16bd0c14e.png?v=1790227105,https://cdn.shopify.com/s/files/1/1019/2368/4726/files/hf_20260924_050035_ca70a877-5edb-49f7-be5c-d23c34416f1f.png?v=1790227105,https://cdn.shopify.com/s/files/1/1019/2368/4726/files/hf_20260924_050035_fedd6e54-22f4-4168-adec-e22cc455d0c4.png?v=1790227105,https://cdn.shopify.com/s/files/1/1019/2368/4726/files/hf_20260924_050118_4753fa02-1e3a-49ba-a6db-8eb8f1de75c7.png?v=1790227105,https://cdn.shopify.com/s/files/1/1019/2368/4726/files/hf_20260924_050036_74075e41-40a8-4189-998e-7f81af5c67df.png?v=1790227105,https://cdn.shopify.com/s/files/1/1019/2368/4726/files/hf_20260924_050118_0ccf981f-0121-42ff-8441-930f374cfda5.png?v=1790227105","DeskRebel","","5319571225303","Widerstandsbänder"
"15898374308214-58814654218614","15898374308214","DeskRebel LumbarEase – Massagegurt für den unteren Rücken - Acupuncture Blue","Wohltuende Wärme und Vibration für den unteren Rücken. Auf der Innenseite sitzen Noppen- und Magnet-Massagepunkte, die beim Tragen ein angenehmes Massagegefühl geben – ideal zum Abschalten nach langem Sitzen am Schreibtisch. Verstellbarer Gurt für eine individuelle Passform – einfach anlegen und entspannen. Hinweis: Wellness-Produkt, kein Medizinprodukt. Bei gesundheitlichen Beschwerden bitte ärztlichen Rat einholen.","in stock","new","26.99 EUR","https://www.deskrebel.store/products/lumbarease-massagegurt-ruecken?variant=58814654218614","https://cdn.shopify.com/s/files/1/1019/2368/4726/files/hf_20260924_231847_c7622f9e-7178-432b-b965-5666c4a6fa77.png?v=1790292343","https://cdn.shopify.com/s/files/1/1019/2368/4726/files/hf_20260924_232333_a181f156-1ba0-4375-86d5-72d2d405dd64.png?v=1790292343,https://cdn.shopify.com/s/files/1/1019/2368/4726/files/hf_20260924_232333_eb63150a-651a-465d-be70-8cf737fd0d25.png?v=1790292343,https://cdn.shopify.com/s/files/1/1019/2368/4726/files/hf_20260924_232333_28d50a7e-69e6-4d86-904a-007fbd637e16.png?v=1790292343,https://cdn.shopify.com/s/files/1/1019/2368/4726/files/hf_20260924_232335_59fac3df-7b9a-4f69-a082-ae551b6f4324.png?v=1790292343,https://cdn.shopify.com/s/files/1/1019/2368/4726/files/O1CN01v51t9x1iaWupkcrjF__2211474434429-0-cib.jpg?v=1790282084,https://cdn.shopify.com/s/files/1/1019/2368/4726/files/O1CN010e85tD1iaWscn7XZ7__2211474434429-0-cib.jpg?v=1790282085,https://cdn.shopify.com/s/files/1/1019/2368/4726/files/O1CN01CqrDjY1iaWurMKsW1__2211474434429-0-cib.jpg?v=1790282085,https://cdn.shopify.com/s/files/1/1019/2368/4726/files/O1CN01aE6QW81iaWriVlAEf__2211474434429-0-cib.jpg?v=1790282084,https://cdn.shopify.com/s/files/1/1019/2368/4726/files/O1CN01RBYzo31iaWrMqa4DW__2211474434429-0-cib.jpg?v=1790282084,https://cdn.shopify.com/s/files/1/1019/2368/4726/files/O1CN01CqLZQw1iaWrMrO9N9__2211474434429-0-cib.jpg?v=1790282086","DeskRebel","","4992414643336","Massage"
"15898374308214-58814654251382","15898374308214","DeskRebel LumbarEase – Massagegurt für den unteren Rücken - Acupuncture purple","Wohltuende Wärme und Vibration für den unteren Rücken. Auf der Innenseite sitzen Noppen- und Magnet-Massagepunkte, die beim Tragen ein angenehmes Massagegefühl geben – ideal zum Abschalten nach langem Sitzen am Schreibtisch. Verstellbarer Gurt für eine individuelle Passform – einfach anlegen und entspannen. Hinweis: Wellness-Produkt, kein Medizinprodukt. Bei gesundheitlichen Beschwerden bitte ärztlichen Rat einholen.","in stock","new","26.99 EUR","https://www.deskrebel.store/products/lumbarease-massagegurt-ruecken?variant=58814654251382","https://cdn.shopify.com/s/files/1/1019/2368/4726/files/hf_20260924_231847_c7622f9e-7178-432b-b965-5666c4a6fa77.png?v=1790292343","https://cdn.shopify.com/s/files/1/1019/2368/4726/files/hf_20260924_232333_a181f156-1ba0-4375-86d5-72d2d405dd64.png?v=1790292343,https://cdn.shopify.com/s/files/1/1019/2368/4726/files/hf_20260924_232333_eb63150a-651a-465d-be70-8cf737fd0d25.png?v=1790292343,https://cdn.shopify.com/s/files/1/1019/2368/4726/files/hf_20260924_232333_28d50a7e-69e6-4d86-904a-007fbd637e16.png?v=1790292343,https://cdn.shopify.com/s/files/1/1019/2368/4726/files/hf_20260924_232335_59fac3df-7b9a-4f69-a082-ae551b6f4324.png?v=1790292343,https://cdn.shopify.com/s/files/1/1019/2368/4726/files/O1CN01v51t9x1iaWupkcrjF__2211474434429-0-cib.jpg?v=1790282084,https://cdn.shopify.com/s/files/1/1019/2368/4726/files/O1CN010e85tD1iaWscn7XZ7__2211474434429-0-cib.jpg?v=1790282085,https://cdn.shopify.com/s/files/1/1019/2368/4726/files/O1CN01CqrDjY1iaWurMKsW1__2211474434429-0-cib.jpg?v=1790282085,https://cdn.shopify.com/s/files/1/1019/2368/4726/files/O1CN01aE6QW81iaWriVlAEf__2211474434429-0-cib.jpg?v=1790282084,https://cdn.shopify.com/s/files/1/1019/2368/4726/files/O1CN01RBYzo31iaWrMqa4DW__2211474434429-0-cib.jpg?v=1790282084,https://cdn.shopify.com/s/files/1/1019/2368/4726/files/O1CN01CqLZQw1iaWrMrO9N9__2211474434429-0-cib.jpg?v=1790282086","DeskRebel","","4992414643337","Massage"
"15898374308214-58814654284150","15898374308214","DeskRebel LumbarEase – Massagegurt für den unteren Rücken - Acupuncture Pink","Wohltuende Wärme und Vibration für den unteren Rücken. Auf der Innenseite sitzen Noppen- und Magnet-Massagepunkte, die beim Tragen ein angenehmes Massagegefühl geben – ideal zum Abschalten nach langem Sitzen am Schreibtisch. Verstellbarer Gurt für eine individuelle Passform – einfach anlegen und entspannen. Hinweis: Wellness-Produkt, kein Medizinprodukt. Bei gesundheitlichen Beschwerden bitte ärztlichen Rat einholen.","in stock","new","26.99 EUR","https://www.deskrebel.store/products/lumbarease-massagegurt-ruecken?variant=58814654284150","https://cdn.shopify.com/s/files/1/1019/2368/4726/files/hf_20260924_231847_c7622f9e-7178-432b-b965-5666c4a6fa77.png?v=1790292343","https://cdn.shopify.com/s/files/1/1019/2368/4726/files/hf_20260924_232333_a181f156-1ba0-4375-86d5-72d2d405dd64.png?v=1790292343,https://cdn.shopify.com/s/files/1/1019/2368/4726/files/hf_20260924_232333_eb63150a-651a-465d-be70-8cf737fd0d25.png?v=1790292343,https://cdn.shopify.com/s/files/1/1019/2368/4726/files/hf_20260924_232333_28d50a7e-69e6-4d86-904a-007fbd637e16.png?v=1790292343,https://cdn.shopify.com/s/files/1/1019/2368/4726/files/hf_20260924_232335_59fac3df-7b9a-4f69-a082-ae551b6f4324.png?v=1790292343,https://cdn.shopify.com/s/files/1/1019/2368/4726/files/O1CN01v51t9x1iaWupkcrjF__2211474434429-0-cib.jpg?v=1790282084,https://cdn.shopify.com/s/files/1/1019/2368/4726/files/O1CN010e85tD1iaWscn7XZ7__2211474434429-0-cib.jpg?v=1790282085,https://cdn.shopify.com/s/files/1/1019/2368/4726/files/O1CN01CqrDjY1iaWurMKsW1__2211474434429-0-cib.jpg?v=1790282085,https://cdn.shopify.com/s/files/1/1019/2368/4726/files/O1CN01aE6QW81iaWriVlAEf__2211474434429-0-cib.jpg?v=1790282084,https://cdn.shopify.com/s/files/1/1019/2368/4726/files/O1CN01RBYzo31iaWrMqa4DW__2211474434429-0-cib.jpg?v=1790282084,https://cdn.shopify.com/s/files/1/1019/2368/4726/files/O1CN01CqLZQw1iaWrMrO9N9__2211474434429-0-cib.jpg?v=1790282086","DeskRebel","","4992414643333","Massage"
"15898374308214-58814654316918","15898374308214","DeskRebel LumbarEase – Massagegurt für den unteren Rücken - Magnetic therapy purple","Wohltuende Wärme und Vibration für den unteren Rücken. Auf der Innenseite sitzen Noppen- und Magnet-Massagepunkte, die beim Tragen ein angenehmes Massagegefühl geben – ideal zum Abschalten nach langem Sitzen am Schreibtisch. Verstellbarer Gurt für eine individuelle Passform – einfach anlegen und entspannen. Hinweis: Wellness-Produkt, kein Medizinprodukt. Bei gesundheitlichen Beschwerden bitte ärztlichen Rat einholen.","in stock","new","26.99 EUR","https://www.deskrebel.store/products/lumbarease-massagegurt-ruecken?variant=58814654316918","https://cdn.shopify.com/s/files/1/1019/2368/4726/files/hf_20260924_231847_c7622f9e-7178-432b-b965-5666c4a6fa77.png?v=1790292343","https://cdn.shopify.com/s/files/1/1019/2368/4726/files/hf_20260924_232333_a181f156-1ba0-4375-86d5-72d2d405dd64.png?v=1790292343,https://cdn.shopify.com/s/files/1/1019/2368/4726/files/hf_20260924_232333_eb63150a-651a-465d-be70-8cf737fd0d25.png?v=1790292343,https://cdn.shopify.com/s/files/1/1019/2368/4726/files/hf_20260924_232333_28d50a7e-69e6-4d86-904a-007fbd637e16.png?v=1790292343,https://cdn.shopify.com/s/files/1/1019/2368/4726/files/hf_20260924_232335_59fac3df-7b9a-4f69-a082-ae551b6f4324.png?v=1790292343,https://cdn.shopify.com/s/files/1/1019/2368/4726/files/O1CN01v51t9x1iaWupkcrjF__2211474434429-0-cib.jpg?v=1790282084,https://cdn.shopify.com/s/files/1/1019/2368/4726/files/O1CN010e85tD1iaWscn7XZ7__2211474434429-0-cib.jpg?v=1790282085,https://cdn.shopify.com/s/files/1/1019/2368/4726/files/O1CN01CqrDjY1iaWurMKsW1__2211474434429-0-cib.jpg?v=1790282085,https://cdn.shopify.com/s/files/1/1019/2368/4726/files/O1CN01aE6QW81iaWriVlAEf__2211474434429-0-cib.jpg?v=1790282084,https://cdn.shopify.com/s/files/1/1019/2368/4726/files/O1CN01RBYzo31iaWrMqa4DW__2211474434429-0-cib.jpg?v=1790282084,https://cdn.shopify.com/s/files/1/1019/2368/4726/files/O1CN01CqLZQw1iaWrMrO9N9__2211474434429-0-cib.jpg?v=1790282086","DeskRebel","","4992414643332","Massage"
"15898374308214-58814654349686","15898374308214","DeskRebel LumbarEase – Massagegurt für den unteren Rücken - Magnetic Therapy Blue","Wohltuende Wärme und Vibration für den unteren Rücken. Auf der Innenseite sitzen Noppen- und Magnet-Massagepunkte, die beim Tragen ein angenehmes Massagegefühl geben – ideal zum Abschalten nach langem Sitzen am Schreibtisch. Verstellbarer Gurt für eine individuelle Passform – einfach anlegen und entspannen. Hinweis: Wellness-Produkt, kein Medizinprodukt. Bei gesundheitlichen Beschwerden bitte ärztlichen Rat einholen.","in stock","new","26.99 EUR","https://www.deskrebel.store/products/lumbarease-massagegurt-ruecken?variant=58814654349686","https://cdn.shopify.com/s/files/1/1019/2368/4726/files/hf_20260924_231847_c7622f9e-7178-432b-b965-5666c4a6fa77.png?v=1790292343","https://cdn.shopify.com/s/files/1/1019/2368/4726/files/hf_20260924_232333_a181f156-1ba0-4375-86d5-72d2d405dd64.png?v=1790292343,https://cdn.shopify.com/s/files/1/1019/2368/4726/files/hf_20260924_232333_eb63150a-651a-465d-be70-8cf737fd0d25.png?v=1790292343,https://cdn.shopify.com/s/files/1/1019/2368/4726/files/hf_20260924_232333_28d50a7e-69e6-4d86-904a-007fbd637e16.png?v=1790292343,https://cdn.shopify.com/s/files/1/1019/2368/4726/files/hf_20260924_232335_59fac3df-7b9a-4f69-a082-ae551b6f4324.png?v=1790292343,https://cdn.shopify.com/s/files/1/1019/2368/4726/files/O1CN01v51t9x1iaWupkcrjF__2211474434429-0-cib.jpg?v=1790282084,https://cdn.shopify.com/s/files/1/1019/2368/4726/files/O1CN010e85tD1iaWscn7XZ7__2211474434429-0-cib.jpg?v=1790282085,https://cdn.shopify.com/s/files/1/1019/2368/4726/files/O1CN01CqrDjY1iaWurMKsW1__2211474434429-0-cib.jpg?v=1790282085,https://cdn.shopify.com/s/files/1/1019/2368/4726/files/O1CN01aE6QW81iaWriVlAEf__2211474434429-0-cib.jpg?v=1790282084,https://cdn.shopify.com/s/files/1/1019/2368/4726/files/O1CN01RBYzo31iaWrMqa4DW__2211474434429-0-cib.jpg?v=1790282084,https://cdn.shopify.com/s/files/1/1019/2368/4726/files/O1CN01CqLZQw1iaWrMrO9N9__2211474434429-0-cib.jpg?v=1790282086","DeskRebel","","4992414643331","Massage"
"15898374308214-58814654382454","15898374308214","DeskRebel LumbarEase – Massagegurt für den unteren Rücken - Magnetic Therapy Pink","Wohltuende Wärme und Vibration für den unteren Rücken. Auf der Innenseite sitzen Noppen- und Magnet-Massagepunkte, die beim Tragen ein angenehmes Massagegefühl geben – ideal zum Abschalten nach langem Sitzen am Schreibtisch. Verstellbarer Gurt für eine individuelle Passform – einfach anlegen und entspannen. Hinweis: Wellness-Produkt, kein Medizinprodukt. Bei gesundheitlichen Beschwerden bitte ärztlichen Rat einholen.","in stock","new","26.99 EUR","https://www.deskrebel.store/products/lumbarease-massagegurt-ruecken?variant=58814654382454","https://cdn.shopify.com/s/files/1/1019/2368/4726/files/hf_20260924_231847_c7622f9e-7178-432b-b965-5666c4a6fa77.png?v=1790292343","https://cdn.shopify.com/s/files/1/1019/2368/4726/files/hf_20260924_232333_a181f156-1ba0-4375-86d5-72d2d405dd64.png?v=1790292343,https://cdn.shopify.com/s/files/1/1019/2368/4726/files/hf_20260924_232333_eb63150a-651a-465d-be70-8cf737fd0d25.png?v=1790292343,https://cdn.shopify.com/s/files/1/1019/2368/4726/files/hf_20260924_232333_28d50a7e-69e6-4d86-904a-007fbd637e16.png?v=1790292343,https://cdn.shopify.com/s/files/1/1019/2368/4726/files/hf_20260924_232335_59fac3df-7b9a-4f69-a082-ae551b6f4324.png?v=1790292343,https://cdn.shopify.com/s/files/1/1019/2368/4726/files/O1CN01v51t9x1iaWupkcrjF__2211474434429-0-cib.jpg?v=1790282084,https://cdn.shopify.com/s/files/1/1019/2368/4726/files/O1CN010e85tD1iaWscn7XZ7__2211474434429-0-cib.jpg?v=1790282085,https://cdn.shopify.com/s/files/1/1019/2368/4726/files/O1CN01CqrDjY1iaWurMKsW1__2211474434429-0-cib.jpg?v=1790282085,https://cdn.shopify.com/s/files/1/1019/2368/4726/files/O1CN01aE6QW81iaWriVlAEf__2211474434429-0-cib.jpg?v=1790282084,https://cdn.shopify.com/s/files/1/1019/2368/4726/files/O1CN01RBYzo31iaWrMqa4DW__2211474434429-0-cib.jpg?v=1790282084,https://cdn.shopify.com/s/files/1/1019/2368/4726/files/O1CN01CqLZQw1iaWrMrO9N9__2211474434429-0-cib.jpg?v=1790282086","DeskRebel","","4992414643338","Massage"
"15898374308214-58814654415222","15898374308214","DeskRebel LumbarEase – Massagegurt für den unteren Rücken - Color box","Wohltuende Wärme und Vibration für den unteren Rücken. Auf der Innenseite sitzen Noppen- und Magnet-Massagepunkte, die beim Tragen ein angenehmes Massagegefühl geben – ideal zum Abschalten nach langem Sitzen am Schreibtisch. Verstellbarer Gurt für eine individuelle Passform – einfach anlegen und entspannen. Hinweis: Wellness-Produkt, kein Medizinprodukt. Bei gesundheitlichen Beschwerden bitte ärztlichen Rat einholen.","in stock","new","26.99 EUR","https://www.deskrebel.store/products/lumbarease-massagegurt-ruecken?variant=58814654415222","https://cdn.shopify.com/s/files/1/1019/2368/4726/files/hf_20260924_231847_c7622f9e-7178-432b-b965-5666c4a6fa77.png?v=1790292343","https://cdn.shopify.com/s/files/1/1019/2368/4726/files/hf_20260924_232333_a181f156-1ba0-4375-86d5-72d2d405dd64.png?v=1790292343,https://cdn.shopify.com/s/files/1/1019/2368/4726/files/hf_20260924_232333_eb63150a-651a-465d-be70-8cf737fd0d25.png?v=1790292343,https://cdn.shopify.com/s/files/1/1019/2368/4726/files/hf_20260924_232333_28d50a7e-69e6-4d86-904a-007fbd637e16.png?v=1790292343,https://cdn.shopify.com/s/files/1/1019/2368/4726/files/hf_20260924_232335_59fac3df-7b9a-4f69-a082-ae551b6f4324.png?v=1790292343,https://cdn.shopify.com/s/files/1/1019/2368/4726/files/O1CN01v51t9x1iaWupkcrjF__2211474434429-0-cib.jpg?v=1790282084,https://cdn.shopify.com/s/files/1/1019/2368/4726/files/O1CN010e85tD1iaWscn7XZ7__2211474434429-0-cib.jpg?v=1790282085,https://cdn.shopify.com/s/files/1/1019/2368/4726/files/O1CN01CqrDjY1iaWurMKsW1__2211474434429-0-cib.jpg?v=1790282085,https://cdn.shopify.com/s/files/1/1019/2368/4726/files/O1CN01aE6QW81iaWriVlAEf__2211474434429-0-cib.jpg?v=1790282084,https://cdn.shopify.com/s/files/1/1019/2368/4726/files/O1CN01RBYzo31iaWrMqa4DW__2211474434429-0-cib.jpg?v=1790282084,https://cdn.shopify.com/s/files/1/1019/2368/4726/files/O1CN01CqLZQw1iaWrMrO9N9__2211474434429-0-cib.jpg?v=1790282086","DeskRebel","","4895443078939","Massage"
"15898374308214-58814654447990","15898374308214","DeskRebel LumbarEase – Massagegurt für den unteren Rücken - Acupuncture Green","Wohltuende Wärme und Vibration für den unteren Rücken. Auf der Innenseite sitzen Noppen- und Magnet-Massagepunkte, die beim Tragen ein angenehmes Massagegefühl geben – ideal zum Abschalten nach langem Sitzen am Schreibtisch. Verstellbarer Gurt für eine individuelle Passform – einfach anlegen und entspannen. Hinweis: Wellness-Produkt, kein Medizinprodukt. Bei gesundheitlichen Beschwerden bitte ärztlichen Rat einholen.","in stock","new","26.99 EUR","https://www.deskrebel.store/products/lumbarease-massagegurt-ruecken?variant=58814654447990","https://cdn.shopify.com/s/files/1/1019/2368/4726/files/hf_20260924_231847_c7622f9e-7178-432b-b965-5666c4a6fa77.png?v=1790292343","https://cdn.shopify.com/s/files/1/1019/2368/4726/files/hf_20260924_232333_a181f156-1ba0-4375-86d5-72d2d405dd64.png?v=1790292343,https://cdn.shopify.com/s/files/1/1019/2368/4726/files/hf_20260924_232333_eb63150a-651a-465d-be70-8cf737fd0d25.png?v=1790292343,https://cdn.shopify.com/s/files/1/1019/2368/4726/files/hf_20260924_232333_28d50a7e-69e6-4d86-904a-007fbd637e16.png?v=1790292343,https://cdn.shopify.com/s/files/1/1019/2368/4726/files/hf_20260924_232335_59fac3df-7b9a-4f69-a082-ae551b6f4324.png?v=1790292343,https://cdn.shopify.com/s/files/1/1019/2368/4726/files/O1CN01v51t9x1iaWupkcrjF__2211474434429-0-cib.jpg?v=1790282084,https://cdn.shopify.com/s/files/1/1019/2368/4726/files/O1CN010e85tD1iaWscn7XZ7__2211474434429-0-cib.jpg?v=1790282085,https://cdn.shopify.com/s/files/1/1019/2368/4726/files/O1CN01CqrDjY1iaWurMKsW1__2211474434429-0-cib.jpg?v=1790282085,https://cdn.shopify.com/s/files/1/1019/2368/4726/files/O1CN01aE6QW81iaWriVlAEf__2211474434429-0-cib.jpg?v=1790282084,https://cdn.shopify.com/s/files/1/1019/2368/4726/files/O1CN01RBYzo31iaWrMqa4DW__2211474434429-0-cib.jpg?v=1790282084,https://cdn.shopify.com/s/files/1/1019/2368/4726/files/O1CN01CqLZQw1iaWrMrO9N9__2211474434429-0-cib.jpg?v=1790282086","DeskRebel","","4992414643335","Massage"
"15898374308214-58814654480758","15898374308214","DeskRebel LumbarEase – Massagegurt für den unteren Rücken - Magnetic Therapy Green","Wohltuende Wärme und Vibration für den unteren Rücken. Auf der Innenseite sitzen Noppen- und Magnet-Massagepunkte, die beim Tragen ein angenehmes Massagegefühl geben – ideal zum Abschalten nach langem Sitzen am Schreibtisch. Verstellbarer Gurt für eine individuelle Passform – einfach anlegen und entspannen. Hinweis: Wellness-Produkt, kein Medizinprodukt. Bei gesundheitlichen Beschwerden bitte ärztlichen Rat einholen.","in stock","new","26.99 EUR","https://www.deskrebel.store/products/lumbarease-massagegurt-ruecken?variant=58814654480758","https://cdn.shopify.com/s/files/1/1019/2368/4726/files/hf_20260924_231847_c7622f9e-7178-432b-b965-5666c4a6fa77.png?v=1790292343","https://cdn.shopify.com/s/files/1/1019/2368/4726/files/hf_20260924_232333_a181f156-1ba0-4375-86d5-72d2d405dd64.png?v=1790292343,https://cdn.shopify.com/s/files/1/1019/2368/4726/files/hf_20260924_232333_eb63150a-651a-465d-be70-8cf737fd0d25.png?v=1790292343,https://cdn.shopify.com/s/files/1/1019/2368/4726/files/hf_20260924_232333_28d50a7e-69e6-4d86-904a-007fbd637e16.png?v=1790292343,https://cdn.shopify.com/s/files/1/1019/2368/4726/files/hf_20260924_232335_59fac3df-7b9a-4f69-a082-ae551b6f4324.png?v=1790292343,https://cdn.shopify.com/s/files/1/1019/2368/4726/files/O1CN01v51t9x1iaWupkcrjF__2211474434429-0-cib.jpg?v=1790282084,https://cdn.shopify.com/s/files/1/1019/2368/4726/files/O1CN010e85tD1iaWscn7XZ7__2211474434429-0-cib.jpg?v=1790282085,https://cdn.shopify.com/s/files/1/1019/2368/4726/files/O1CN01CqrDjY1iaWurMKsW1__2211474434429-0-cib.jpg?v=1790282085,https://cdn.shopify.com/s/files/1/1019/2368/4726/files/O1CN01aE6QW81iaWriVlAEf__2211474434429-0-cib.jpg?v=1790282084,https://cdn.shopify.com/s/files/1/1019/2368/4726/files/O1CN01RBYzo31iaWrMqa4DW__2211474434429-0-cib.jpg?v=1790282084,https://cdn.shopify.com/s/files/1/1019/2368/4726/files/O1CN01CqLZQw1iaWrMrO9N9__2211474434429-0-cib.jpg?v=1790282086","DeskRebel","","4992414643334","Massage"
"15896503353718-58804044464502","15896503353718","DeskRebel ElbowGuard – Kompressions-Ellbogenbandage - S","Locked in. Ready to go. Die ElbowGuard ist eine gestrickte Kompressions-Ellbogenbandage aus atmungsaktivem Nylon-Elasthan. Sie sitzt eng, rutscht dank Silikon-Band nicht und ist ideal für Basketball, Tennis, Krafttraining und Outdoor-Sport. Warum du es willst Angenehme Kompression für ein stabiles Tragegefühl Atmungsaktives Strickgewebe Silikon-Band gegen Verrutschen Vier Größen von S bis XL Technische Daten Material Nylon, Elasthan Inhalt 1 Stück Größen S, M, L, XL Einsatz Basketball, Tennis, Gym, Outdoor Lieferumfang 1 × ElbowGuard in der gewählten Größe Sportartikel, kein Medizinprodukt. Vor Gebrauch auf Beschädigungen prüfen, Belastung langsam steigern und bei Beschwerden ärztlichen Rat einholen.","in stock","new","27.99 EUR","https://www.deskrebel.store/products/elbowguard-kompressions-ellbogenbandage?variant=58804044464502","https://cdn.shopify.com/s/files/1/1019/2368/4726/files/hf_20260924_053808_8bb2d6ac-812f-44a0-8a66-80d2f1eec57b.png?v=1790228428","https://cdn.shopify.com/s/files/1/1019/2368/4726/files/hf_20260924_053808_b8808c1a-e5fa-43b8-8cec-395ae6e1144e.png?v=1790228428,https://cdn.shopify.com/s/files/1/1019/2368/4726/files/hf_20260924_053808_9e55ed8b-dbe0-44f3-b20e-0d7594b5bff0.png?v=1790228428,https://cdn.shopify.com/s/files/1/1019/2368/4726/files/hf_20260924_053808_28cf58be-e907-44f7-9195-1d49968159b0.png?v=1790228428,https://cdn.shopify.com/s/files/1/1019/2368/4726/files/hf_20260924_053808_bb68fe8a-5ae7-414d-a89c-3789034a4335.png?v=1790228428,https://cdn.shopify.com/s/files/1/1019/2368/4726/files/O1CN01I3FqXc1UcuMdehN6n__2206527302539-0-cib.jpg?v=1790170158,https://cdn.shopify.com/s/files/1/1019/2368/4726/files/12616727508_159860195.jpg?v=1790170158,https://cdn.shopify.com/s/files/1/1019/2368/4726/files/O1CN01VZPDZ31Bs2yPJ7u5P__0-0-cib.jpg?v=1790170158,https://cdn.shopify.com/s/files/1/1019/2368/4726/files/O1CN01CJFAEf1Bs2yMNaKeX__0-0-cib.jpg?v=1790170158,https://cdn.shopify.com/s/files/1/1019/2368/4726/files/12541197521_159860195.jpg?v=1790170158,https://cdn.shopify.com/s/files/1/1019/2368/4726/files/O1CN01I3FqXc1UcuMdehN6n__2206527302539-0-cib_dc1d9103-bcf7-4ec6-bcec-75c5915f3d75.jpg?v=1790170159","DeskRebel","","6064976397380","Bandagen"
"15896503353718-58804044497270","15896503353718","DeskRebel ElbowGuard – Kompressions-Ellbogenbandage - M","Locked in. Ready to go. Die ElbowGuard ist eine gestrickte Kompressions-Ellbogenbandage aus atmungsaktivem Nylon-Elasthan. Sie sitzt eng, rutscht dank Silikon-Band nicht und ist ideal für Basketball, Tennis, Krafttraining und Outdoor-Sport. Warum du es willst Angenehme Kompression für ein stabiles Tragegefühl Atmungsaktives Strickgewebe Silikon-Band gegen Verrutschen Vier Größen von S bis XL Technische Daten Material Nylon, Elasthan Inhalt 1 Stück Größen S, M, L, XL Einsatz Basketball, Tennis, Gym, Outdoor Lieferumfang 1 × ElbowGuard in der gewählten Größe Sportartikel, kein Medizinprodukt. Vor Gebrauch auf Beschädigungen prüfen, Belastung langsam steigern und bei Beschwerden ärztlichen Rat einholen.","in stock","new","27.99 EUR","https://www.deskrebel.store/products/elbowguard-kompressions-ellbogenbandage?variant=58804044497270","https://cdn.shopify.com/s/files/1/1019/2368/4726/files/hf_20260924_053808_8bb2d6ac-812f-44a0-8a66-80d2f1eec57b.png?v=1790228428","https://cdn.shopify.com/s/files/1/1019/2368/4726/files/hf_20260924_053808_b8808c1a-e5fa-43b8-8cec-395ae6e1144e.png?v=1790228428,https://cdn.shopify.com/s/files/1/1019/2368/4726/files/hf_20260924_053808_9e55ed8b-dbe0-44f3-b20e-0d7594b5bff0.png?v=1790228428,https://cdn.shopify.com/s/files/1/1019/2368/4726/files/hf_20260924_053808_28cf58be-e907-44f7-9195-1d49968159b0.png?v=1790228428,https://cdn.shopify.com/s/files/1/1019/2368/4726/files/hf_20260924_053808_bb68fe8a-5ae7-414d-a89c-3789034a4335.png?v=1790228428,https://cdn.shopify.com/s/files/1/1019/2368/4726/files/O1CN01I3FqXc1UcuMdehN6n__2206527302539-0-cib.jpg?v=1790170158,https://cdn.shopify.com/s/files/1/1019/2368/4726/files/12616727508_159860195.jpg?v=1790170158,https://cdn.shopify.com/s/files/1/1019/2368/4726/files/O1CN01VZPDZ31Bs2yPJ7u5P__0-0-cib.jpg?v=1790170158,https://cdn.shopify.com/s/files/1/1019/2368/4726/files/O1CN01CJFAEf1Bs2yMNaKeX__0-0-cib.jpg?v=1790170158,https://cdn.shopify.com/s/files/1/1019/2368/4726/files/12541197521_159860195.jpg?v=1790170158,https://cdn.shopify.com/s/files/1/1019/2368/4726/files/O1CN01I3FqXc1UcuMdehN6n__2206527302539-0-cib_dc1d9103-bcf7-4ec6-bcec-75c5915f3d75.jpg?v=1790170159","DeskRebel","","6064976397381","Bandagen"
"15896503353718-58804044530038","15896503353718","DeskRebel ElbowGuard – Kompressions-Ellbogenbandage - L","Locked in. Ready to go. Die ElbowGuard ist eine gestrickte Kompressions-Ellbogenbandage aus atmungsaktivem Nylon-Elasthan. Sie sitzt eng, rutscht dank Silikon-Band nicht und ist ideal für Basketball, Tennis, Krafttraining und Outdoor-Sport. Warum du es willst Angenehme Kompression für ein stabiles Tragegefühl Atmungsaktives Strickgewebe Silikon-Band gegen Verrutschen Vier Größen von S bis XL Technische Daten Material Nylon, Elasthan Inhalt 1 Stück Größen S, M, L, XL Einsatz Basketball, Tennis, Gym, Outdoor Lieferumfang 1 × ElbowGuard in der gewählten Größe Sportartikel, kein Medizinprodukt. Vor Gebrauch auf Beschädigungen prüfen, Belastung langsam steigern und bei Beschwerden ärztlichen Rat einholen.","in stock","new","27.99 EUR","https://www.deskrebel.store/products/elbowguard-kompressions-ellbogenbandage?variant=58804044530038","https://cdn.shopify.com/s/files/1/1019/2368/4726/files/hf_20260924_053808_8bb2d6ac-812f-44a0-8a66-80d2f1eec57b.png?v=1790228428","https://cdn.shopify.com/s/files/1/1019/2368/4726/files/hf_20260924_053808_b8808c1a-e5fa-43b8-8cec-395ae6e1144e.png?v=1790228428,https://cdn.shopify.com/s/files/1/1019/2368/4726/files/hf_20260924_053808_9e55ed8b-dbe0-44f3-b20e-0d7594b5bff0.png?v=1790228428,https://cdn.shopify.com/s/files/1/1019/2368/4726/files/hf_20260924_053808_28cf58be-e907-44f7-9195-1d49968159b0.png?v=1790228428,https://cdn.shopify.com/s/files/1/1019/2368/4726/files/hf_20260924_053808_bb68fe8a-5ae7-414d-a89c-3789034a4335.png?v=1790228428,https://cdn.shopify.com/s/files/1/1019/2368/4726/files/O1CN01I3FqXc1UcuMdehN6n__2206527302539-0-cib.jpg?v=1790170158,https://cdn.shopify.com/s/files/1/1019/2368/4726/files/12616727508_159860195.jpg?v=1790170158,https://cdn.shopify.com/s/files/1/1019/2368/4726/files/O1CN01VZPDZ31Bs2yPJ7u5P__0-0-cib.jpg?v=1790170158,https://cdn.shopify.com/s/files/1/1019/2368/4726/files/O1CN01CJFAEf1Bs2yMNaKeX__0-0-cib.jpg?v=1790170158,https://cdn.shopify.com/s/files/1/1019/2368/4726/files/12541197521_159860195.jpg?v=1790170158,https://cdn.shopify.com/s/files/1/1019/2368/4726/files/O1CN01I3FqXc1UcuMdehN6n__2206527302539-0-cib_dc1d9103-bcf7-4ec6-bcec-75c5915f3d75.jpg?v=1790170159","DeskRebel","","6064976397382","Bandagen"
"15896503353718-58804044562806","15896503353718","DeskRebel ElbowGuard – Kompressions-Ellbogenbandage - XL","Locked in. Ready to go. Die ElbowGuard ist eine gestrickte Kompressions-Ellbogenbandage aus atmungsaktivem Nylon-Elasthan. Sie sitzt eng, rutscht dank Silikon-Band nicht und ist ideal für Basketball, Tennis, Krafttraining und Outdoor-Sport. Warum du es willst Angenehme Kompression für ein stabiles Tragegefühl Atmungsaktives Strickgewebe Silikon-Band gegen Verrutschen Vier Größen von S bis XL Technische Daten Material Nylon, Elasthan Inhalt 1 Stück Größen S, M, L, XL Einsatz Basketball, Tennis, Gym, Outdoor Lieferumfang 1 × ElbowGuard in der gewählten Größe Sportartikel, kein Medizinprodukt. Vor Gebrauch auf Beschädigungen prüfen, Belastung langsam steigern und bei Beschwerden ärztlichen Rat einholen.","in stock","new","27.99 EUR","https://www.deskrebel.store/products/elbowguard-kompressions-ellbogenbandage?variant=58804044562806","https://cdn.shopify.com/s/files/1/1019/2368/4726/files/hf_20260924_053808_8bb2d6ac-812f-44a0-8a66-80d2f1eec57b.png?v=1790228428","https://cdn.shopify.com/s/files/1/1019/2368/4726/files/hf_20260924_053808_b8808c1a-e5fa-43b8-8cec-395ae6e1144e.png?v=1790228428,https://cdn.shopify.com/s/files/1/1019/2368/4726/files/hf_20260924_053808_9e55ed8b-dbe0-44f3-b20e-0d7594b5bff0.png?v=1790228428,https://cdn.shopify.com/s/files/1/1019/2368/4726/files/hf_20260924_053808_28cf58be-e907-44f7-9195-1d49968159b0.png?v=1790228428,https://cdn.shopify.com/s/files/1/1019/2368/4726/files/hf_20260924_053808_bb68fe8a-5ae7-414d-a89c-3789034a4335.png?v=1790228428,https://cdn.shopify.com/s/files/1/1019/2368/4726/files/O1CN01I3FqXc1UcuMdehN6n__2206527302539-0-cib.jpg?v=1790170158,https://cdn.shopify.com/s/files/1/1019/2368/4726/files/12616727508_159860195.jpg?v=1790170158,https://cdn.shopify.com/s/files/1/1019/2368/4726/files/O1CN01VZPDZ31Bs2yPJ7u5P__0-0-cib.jpg?v=1790170158,https://cdn.shopify.com/s/files/1/1019/2368/4726/files/O1CN01CJFAEf1Bs2yMNaKeX__0-0-cib.jpg?v=1790170158,https://cdn.shopify.com/s/files/1/1019/2368/4726/files/12541197521_159860195.jpg?v=1790170158,https://cdn.shopify.com/s/files/1/1019/2368/4726/files/O1CN01I3FqXc1UcuMdehN6n__2206527302539-0-cib_dc1d9103-bcf7-4ec6-bcec-75c5915f3d75.jpg?v=1790170159","DeskRebel","","6064976397383","Bandagen"
"15896078319990-58799723053430","15896078319990","DeskRebel DoorKit – Türanker, Griffe & Karabiner für Widerstandsbänder - Schaumstoff-Griffe · Paar","Mach aus jeder Tür dein Kabelzug-Gym. Mit dem DoorKit verwandelst du deine Widerstandsbänder in ein vollwertiges Home-Gym: Türanker in die Tür klemmen, Band einhängen, Griffe dran – fertig für Rudern, Brustpresse, Face Pulls und mehr. Warum du es willst Türanker für sicheren Halt zwischen Tür und Rahmen Gepolsterte Schaumstoff-Griffe für komfortablen Grip Karabiner zum schnellen Wechseln von Bändern Passt zu gängigen Widerstandsbändern Technische Daten Türanker Schaumstoff mit Schlaufe Griffe Schaumstoff, 1 Paar Karabiner Metall, 1 Paar Einsatz Rudern, Presse, Face Pulls, Curls Lieferumfang Je nach Auswahl: 1 Paar Griffe, 1 Türanker oder 1 Paar Karabiner Sportartikel, kein Medizinprodukt. Vor Gebrauch auf Beschädigungen prüfen, Belastung langsam steigern und bei Beschwerden ärztlichen Rat einholen.","in stock","new","26.99 EUR","https://www.deskrebel.store/products/doorkit-tueranker-griffe-karabiner?variant=58799723053430","https://cdn.shopify.com/s/files/1/1019/2368/4726/files/hf_20260924_053523_3a2c4214-6be5-4f8a-b7be-231782fca36d.png?v=1790228327","https://cdn.shopify.com/s/files/1/1019/2368/4726/files/hf_20260924_053523_c923707a-1ca4-4c6e-8b9b-8ce9d7ec3e46.png?v=1790228326,https://cdn.shopify.com/s/files/1/1019/2368/4726/files/hf_20260924_053312_650585b0-8760-4e2d-8bfa-fbb72b87e1c2.png?v=1790228327,https://cdn.shopify.com/s/files/1/1019/2368/4726/files/hf_20260924_053312_f028ca32-0754-4db8-9faf-edd0e70b7c1a.png?v=1790228326,https://cdn.shopify.com/s/files/1/1019/2368/4726/files/hf_20260924_053522_43ec36fa-f89f-402b-b6ca-11909a7e5f6e.png?v=1790228326,https://cdn.shopify.com/s/files/1/1019/2368/4726/files/hf_20260924_053522_1d1adb10-235d-4680-b796-edb4acb1aa22.png?v=1790228326,https://cdn.shopify.com/s/files/1/1019/2368/4726/files/hf_20260924_053522_95aa213f-306e-4242-87f0-3b70aa3d30ec.png?v=1790228326,https://cdn.shopify.com/s/files/1/1019/2368/4726/files/hf_20260924_053523_d94455c0-dae2-4546-b177-ebef89feab81.png?v=1790228327,https://cdn.shopify.com/s/files/1/1019/2368/4726/files/O1CN01Q0QhCb2C9SGPMG4xZ__2212038438431-0-cib.jpg?v=1790135082,https://cdn.shopify.com/s/files/1/1019/2368/4726/files/O1CN01cuWbzQ2C9SGPEs9oe__2212038438431-0-cib.jpg?v=1790135082,https://cdn.shopify.com/s/files/1/1019/2368/4726/files/O1CN01VVHdl22C9SGOsLX06__2212038438431-0-cib.jpg?v=1790135082","DeskRebel","","5896270534993","Zubehör"
"15896078319990-58799723086198","15896078319990","DeskRebel DoorKit – Türanker, Griffe & Karabiner für Widerstandsbänder - Türanker","Mach aus jeder Tür dein Kabelzug-Gym. Mit dem DoorKit verwandelst du deine Widerstandsbänder in ein vollwertiges Home-Gym: Türanker in die Tür klemmen, Band einhängen, Griffe dran – fertig für Rudern, Brustpresse, Face Pulls und mehr. Warum du es willst Türanker für sicheren Halt zwischen Tür und Rahmen Gepolsterte Schaumstoff-Griffe für komfortablen Grip Karabiner zum schnellen Wechseln von Bändern Passt zu gängigen Widerstandsbändern Technische Daten Türanker Schaumstoff mit Schlaufe Griffe Schaumstoff, 1 Paar Karabiner Metall, 1 Paar Einsatz Rudern, Presse, Face Pulls, Curls Lieferumfang Je nach Auswahl: 1 Paar Griffe, 1 Türanker oder 1 Paar Karabiner Sportartikel, kein Medizinprodukt. Vor Gebrauch auf Beschädigungen prüfen, Belastung langsam steigern und bei Beschwerden ärztlichen Rat einholen.","in stock","new","26.99 EUR","https://www.deskrebel.store/products/doorkit-tueranker-griffe-karabiner?variant=58799723086198","https://cdn.shopify.com/s/files/1/1019/2368/4726/files/hf_20260924_053522_95aa213f-306e-4242-87f0-3b70aa3d30ec.png?v=1790228326","https://cdn.shopify.com/s/files/1/1019/2368/4726/files/hf_20260924_053523_c923707a-1ca4-4c6e-8b9b-8ce9d7ec3e46.png?v=1790228326,https://cdn.shopify.com/s/files/1/1019/2368/4726/files/hf_20260924_053312_650585b0-8760-4e2d-8bfa-fbb72b87e1c2.png?v=1790228327,https://cdn.shopify.com/s/files/1/1019/2368/4726/files/hf_20260924_053312_f028ca32-0754-4db8-9faf-edd0e70b7c1a.png?v=1790228326,https://cdn.shopify.com/s/files/1/1019/2368/4726/files/hf_20260924_053522_43ec36fa-f89f-402b-b6ca-11909a7e5f6e.png?v=1790228326,https://cdn.shopify.com/s/files/1/1019/2368/4726/files/hf_20260924_053522_1d1adb10-235d-4680-b796-edb4acb1aa22.png?v=1790228326,https://cdn.shopify.com/s/files/1/1019/2368/4726/files/hf_20260924_053523_3a2c4214-6be5-4f8a-b7be-231782fca36d.png?v=1790228327,https://cdn.shopify.com/s/files/1/1019/2368/4726/files/hf_20260924_053523_d94455c0-dae2-4546-b177-ebef89feab81.png?v=1790228327,https://cdn.shopify.com/s/files/1/1019/2368/4726/files/O1CN01Q0QhCb2C9SGPMG4xZ__2212038438431-0-cib.jpg?v=1790135082,https://cdn.shopify.com/s/files/1/1019/2368/4726/files/O1CN01cuWbzQ2C9SGPEs9oe__2212038438431-0-cib.jpg?v=1790135082,https://cdn.shopify.com/s/files/1/1019/2368/4726/files/O1CN01VVHdl22C9SGOsLX06__2212038438431-0-cib.jpg?v=1790135082","DeskRebel","","5896270534994","Zubehör"
"15896078319990-58799723118966","15896078319990","DeskRebel DoorKit – Türanker, Griffe & Karabiner für Widerstandsbänder - Karabiner · Paar","Mach aus jeder Tür dein Kabelzug-Gym. Mit dem DoorKit verwandelst du deine Widerstandsbänder in ein vollwertiges Home-Gym: Türanker in die Tür klemmen, Band einhängen, Griffe dran – fertig für Rudern, Brustpresse, Face Pulls und mehr. Warum du es willst Türanker für sicheren Halt zwischen Tür und Rahmen Gepolsterte Schaumstoff-Griffe für komfortablen Grip Karabiner zum schnellen Wechseln von Bändern Passt zu gängigen Widerstandsbändern Technische Daten Türanker Schaumstoff mit Schlaufe Griffe Schaumstoff, 1 Paar Karabiner Metall, 1 Paar Einsatz Rudern, Presse, Face Pulls, Curls Lieferumfang Je nach Auswahl: 1 Paar Griffe, 1 Türanker oder 1 Paar Karabiner Sportartikel, kein Medizinprodukt. Vor Gebrauch auf Beschädigungen prüfen, Belastung langsam steigern und bei Beschwerden ärztlichen Rat einholen.","in stock","new","26.99 EUR","https://www.deskrebel.store/products/doorkit-tueranker-griffe-karabiner?variant=58799723118966","https://cdn.shopify.com/s/files/1/1019/2368/4726/files/hf_20260924_053523_d94455c0-dae2-4546-b177-ebef89feab81.png?v=1790228327","https://cdn.shopify.com/s/files/1/1019/2368/4726/files/hf_20260924_053523_c923707a-1ca4-4c6e-8b9b-8ce9d7ec3e46.png?v=1790228326,https://cdn.shopify.com/s/files/1/1019/2368/4726/files/hf_20260924_053312_650585b0-8760-4e2d-8bfa-fbb72b87e1c2.png?v=1790228327,https://cdn.shopify.com/s/files/1/1019/2368/4726/files/hf_20260924_053312_f028ca32-0754-4db8-9faf-edd0e70b7c1a.png?v=1790228326,https://cdn.shopify.com/s/files/1/1019/2368/4726/files/hf_20260924_053522_43ec36fa-f89f-402b-b6ca-11909a7e5f6e.png?v=1790228326,https://cdn.shopify.com/s/files/1/1019/2368/4726/files/hf_20260924_053522_1d1adb10-235d-4680-b796-edb4acb1aa22.png?v=1790228326,https://cdn.shopify.com/s/files/1/1019/2368/4726/files/hf_20260924_053523_3a2c4214-6be5-4f8a-b7be-231782fca36d.png?v=1790228327,https://cdn.shopify.com/s/files/1/1019/2368/4726/files/hf_20260924_053522_95aa213f-306e-4242-87f0-3b70aa3d30ec.png?v=1790228326,https://cdn.shopify.com/s/files/1/1019/2368/4726/files/O1CN01Q0QhCb2C9SGPMG4xZ__2212038438431-0-cib.jpg?v=1790135082,https://cdn.shopify.com/s/files/1/1019/2368/4726/files/O1CN01cuWbzQ2C9SGPEs9oe__2212038438431-0-cib.jpg?v=1790135082,https://cdn.shopify.com/s/files/1/1019/2368/4726/files/O1CN01VVHdl22C9SGOsLX06__2212038438431-0-cib.jpg?v=1790135082","DeskRebel","","5896270534995","Zubehör"
"15896077271414-58799720202614","15896077271414","DeskRebel PushPro – Liegestützgriffe in S-Form - Paar (2 Stück)","Tiefer runter. Stärker hoch. Die PushPro Liegestützgriffe bringen dich tiefer in jede Wiederholung und entlasten die Handgelenke durch den neutralen Griff. Die S-Form steht stabil auf dem Boden – für Liegestütze, Dips und Mountain Climbers. Warum du es willst Mehr Bewegungsumfang für Brust, Schultern und Trizeps Neutraler Griff – angenehmer für die Handgelenke als flache Hände Stabile S-Form mit rutschfesten Füßen Leicht und platzsparend Technische Daten Form S-Form Griff ergonomisch Füße rutschfest Einsatz Liegestütz, Dips, Core Lieferumfang Je nach Auswahl 1 Paar oder 1 einzelner Griff Sportartikel, kein Medizinprodukt. Vor Gebrauch auf Beschädigungen prüfen, Belastung langsam steigern und bei Beschwerden ärztlichen Rat einholen.","in stock","new","26.99 EUR","https://www.deskrebel.store/products/pushpro-liegestuetzgriffe?variant=58799720202614","https://cdn.shopify.com/s/files/1/1019/2368/4726/files/hf_20260924_053312_8fdd6895-9f62-4e36-b95c-900dd1cbe2dc.png?v=1790228326","https://cdn.shopify.com/s/files/1/1019/2368/4726/files/hf_20260924_053312_f80069ec-301a-480f-8f34-4410b83edaf6.png?v=1790228326,https://cdn.shopify.com/s/files/1/1019/2368/4726/files/hf_20260924_053102_23605369-e0ed-44f5-90a2-652e90e4e9d3.png?v=1790228326,https://cdn.shopify.com/s/files/1/1019/2368/4726/files/hf_20260924_053312_86ac6103-2b42-4e75-a0aa-7d4ca586d4f7.png?v=1790228326,https://cdn.shopify.com/s/files/1/1019/2368/4726/files/hf_20260924_053102_a7f41eb8-22a5-4882-8f65-833baa1bf73a.png?v=1790228326,https://cdn.shopify.com/s/files/1/1019/2368/4726/files/hf_20260924_053102_7abff9c6-a65a-4002-8e9a-b4b912cf834b.png?v=1790228326,https://cdn.shopify.com/s/files/1/1019/2368/4726/files/hf_20260924_053522_2823d56f-d666-4ff1-827c-e5c4701d31d5.png?v=1790228326,https://cdn.shopify.com/s/files/1/1019/2368/4726/files/O1CN01lvPN0x21pd3WQJmrA__2218923247034-0-cib.jpg?v=1790135006,https://cdn.shopify.com/s/files/1/1019/2368/4726/files/O1CN01nOoQiY21pd1YV68aN__2218923247034-0-cib.jpg?v=1790135007,https://cdn.shopify.com/s/files/1/1019/2368/4726/files/O1CN01hIajZ821pd1ZmKVqp__2218923247034-0-cib.jpg?v=1790135006,https://cdn.shopify.com/s/files/1/1019/2368/4726/files/O1CN01nxvRfi21pd1ZmKqcq__2218923247034-0-cib.jpg?v=1790135006","DeskRebel","","5950027496430","Kraftgeräte"
"15896077271414-58799720235382","15896077271414","DeskRebel PushPro – Liegestützgriffe in S-Form - Einzeln (1 Stück)","Tiefer runter. Stärker hoch. Die PushPro Liegestützgriffe bringen dich tiefer in jede Wiederholung und entlasten die Handgelenke durch den neutralen Griff. Die S-Form steht stabil auf dem Boden – für Liegestütze, Dips und Mountain Climbers. Warum du es willst Mehr Bewegungsumfang für Brust, Schultern und Trizeps Neutraler Griff – angenehmer für die Handgelenke als flache Hände Stabile S-Form mit rutschfesten Füßen Leicht und platzsparend Technische Daten Form S-Form Griff ergonomisch Füße rutschfest Einsatz Liegestütz, Dips, Core Lieferumfang Je nach Auswahl 1 Paar oder 1 einzelner Griff Sportartikel, kein Medizinprodukt. Vor Gebrauch auf Beschädigungen prüfen, Belastung langsam steigern und bei Beschwerden ärztlichen Rat einholen.","in stock","new","26.99 EUR","https://www.deskrebel.store/products/pushpro-liegestuetzgriffe?variant=58799720235382","https://cdn.shopify.com/s/files/1/1019/2368/4726/files/hf_20260924_053522_2823d56f-d666-4ff1-827c-e5c4701d31d5.png?v=1790228326","https://cdn.shopify.com/s/files/1/1019/2368/4726/files/hf_20260924_053312_f80069ec-301a-480f-8f34-4410b83edaf6.png?v=1790228326,https://cdn.shopify.com/s/files/1/1019/2368/4726/files/hf_20260924_053102_23605369-e0ed-44f5-90a2-652e90e4e9d3.png?v=1790228326,https://cdn.shopify.com/s/files/1/1019/2368/4726/files/hf_20260924_053312_86ac6103-2b42-4e75-a0aa-7d4ca586d4f7.png?v=1790228326,https://cdn.shopify.com/s/files/1/1019/2368/4726/files/hf_20260924_053102_a7f41eb8-22a5-4882-8f65-833baa1bf73a.png?v=1790228326,https://cdn.shopify.com/s/files/1/1019/2368/4726/files/hf_20260924_053102_7abff9c6-a65a-4002-8e9a-b4b912cf834b.png?v=1790228326,https://cdn.shopify.com/s/files/1/1019/2368/4726/files/hf_20260924_053312_8fdd6895-9f62-4e36-b95c-900dd1cbe2dc.png?v=1790228326,https://cdn.shopify.com/s/files/1/1019/2368/4726/files/O1CN01lvPN0x21pd3WQJmrA__2218923247034-0-cib.jpg?v=1790135006,https://cdn.shopify.com/s/files/1/1019/2368/4726/files/O1CN01nOoQiY21pd1YV68aN__2218923247034-0-cib.jpg?v=1790135007,https://cdn.shopify.com/s/files/1/1019/2368/4726/files/O1CN01hIajZ821pd1ZmKVqp__2218923247034-0-cib.jpg?v=1790135006,https://cdn.shopify.com/s/files/1/1019/2368/4726/files/O1CN01nxvRfi21pd1ZmKqcq__2218923247034-0-cib.jpg?v=1790135006","DeskRebel","","5950027496431","Kraftgeräte"
"15896069079414-58799699886454","15896069079414","DeskRebel O-Loop – Latex-Widerstandsring für Arme & Rücken - Schwarz / 45 g","Klein. Schwarz. Gemein effektiv. Der O-Loop ist ein handlicher Latex-Widerstandsring für Arme, Schultern und oberen Rücken. Perfekt für kurze Workouts zwischendurch – am Schreibtisch, im Hotel oder als Warm-up vor dem Gym. Warum du es willst Für Armstrecker, Face Pulls, Pull-Aparts und Schulter-Warm-ups Nur 45 g – immer dabei Hochelastischer Latex für gleichmäßigen Widerstand Ideal als Ergänzung zu PowerBand & FlexLoop Technische Daten Material Latex Gewicht ca. 45 g Farbe Schwarz Einsatz Arme, Schultern, oberer Rücken Lieferumfang 1 × O-Loop Sportartikel, kein Medizinprodukt. Vor Gebrauch auf Beschädigungen prüfen, Belastung langsam steigern und bei Beschwerden ärztlichen Rat einholen.","in stock","new","27.99 EUR","https://www.deskrebel.store/products/o-loop-latex-widerstandsring","https://cdn.shopify.com/s/files/1/1019/2368/4726/files/hf_20260924_053102_2b6d8c8a-48ee-4663-993e-301ec091791f.png?v=1790227979","https://cdn.shopify.com/s/files/1/1019/2368/4726/files/hf_20260924_052754_a24cbf09-a9ab-4f10-a397-fbe89b9d7764.png?v=1790227979,https://cdn.shopify.com/s/files/1/1019/2368/4726/files/hf_20260924_052754_505084bc-21b2-4fc5-9461-e2b8a9843f9a.png?v=1790227979,https://cdn.shopify.com/s/files/1/1019/2368/4726/files/hf_20260924_052754_ea965dc7-68e8-4141-a49e-da5b57b17501.png?v=1790227979,https://cdn.shopify.com/s/files/1/1019/2368/4726/files/hf_20260924_053102_89345dfa-6b34-4e1f-9934-c86f604fdec4.png?v=1790227979,https://cdn.shopify.com/s/files/1/1019/2368/4726/files/hf_20260924_053102_ca81a210-907a-4aa6-89f5-9fa0c56f64b3.png?v=1790227979,https://cdn.shopify.com/s/files/1/1019/2368/4726/files/O1CN01CIZ4M2rfXwH21stE__2211695566360-0-cib.jpg?v=1790134497,https://cdn.shopify.com/s/files/1/1019/2368/4726/files/O1CN01t9JuorOpHAD21stE__2211695566360-0-cib.jpg?v=1790134497,https://cdn.shopify.com/s/files/1/1019/2368/4726/files/O1CN01fIle964fZoE21stE__2211695566360-0-cib.jpg?v=1790134496,https://cdn.shopify.com/s/files/1/1019/2368/4726/files/O1CN01JGVVXA487AB21stE__2211695566360-0-cib.jpg?v=1790134496,https://cdn.shopify.com/s/files/1/1019/2368/4726/files/O1CN01sdzHEbnpu9B21stE__2211695566360-0-cib.jpg?v=1790134497","DeskRebel","","6288481718679","Widerstandsbänder"
"15896059674998-58799673835894","15896059674998","DeskRebel PalmGrips – Silikon-Griffpads für Klimmzug & Gym - Gen 1 · Schwarz · Paar","Mehr Grip. Weniger Hornhaut. Die PalmGrips sind rutschfeste Silikon-Pads für die Handflächen – für Klimmzüge, Kurzhanteln, Kettlebells und Geräte. Sie schützen die Haut vor Reibung und geben dir sicheren Halt, ohne dick aufzutragen wie Handschuhe. Warum du es willst Rutschfeste Silikon-Oberfläche für sicheren Halt Schützt die Handflächen vor Reibung und Blasen Dünn und flexibel – du spürst die Stange weiterhin Gen 2 mit überarbeitetem Design Technische Daten Material Silikon Inhalt 1 Paar Varianten Gen 1 / Gen 2, Schwarz oder Grau Einsatz Klimmzug, Hanteln, Kettlebell, Geräte Lieferumfang 1 Paar PalmGrips Sportartikel, kein Medizinprodukt. Vor Gebrauch auf Beschädigungen prüfen, Belastung langsam steigern und bei Beschwerden ärztlichen Rat einholen.","in stock","new","26.99 EUR","https://www.deskrebel.store/products/palmgrips-silikon-griffpads?variant=58799673835894","https://cdn.shopify.com/s/files/1/1019/2368/4726/files/hf_20260924_052754_b7b19f58-b3f1-4b91-927f-72cddd5303e3.png?v=1790227938","https://cdn.shopify.com/s/files/1/1019/2368/4726/files/hf_20260924_052615_71453f8d-5f6a-438d-bc74-b0105b4addc8.png?v=1790227938,https://cdn.shopify.com/s/files/1/1019/2368/4726/files/hf_20260924_052615_ec76ac3c-fc3a-4b4e-8015-d719d68f4459.png?v=1790227938,https://cdn.shopify.com/s/files/1/1019/2368/4726/files/hf_20260924_052615_0dc959c1-3faf-4d0d-815b-48fe654210d5.png?v=1790227938,https://cdn.shopify.com/s/files/1/1019/2368/4726/files/hf_20260924_052754_188ab5e0-5f28-42c1-ac25-e2e6db718e4f.png?v=1790227938,https://cdn.shopify.com/s/files/1/1019/2368/4726/files/hf_20260924_052615_c01bd903-67d7-46ac-8198-ad9ef4c424b7.png?v=1790227938,https://cdn.shopify.com/s/files/1/1019/2368/4726/files/hf_20260924_052754_e23910d3-9181-413d-8bb5-5278c34b0ea5.png?v=1790227938,https://cdn.shopify.com/s/files/1/1019/2368/4726/files/hf_20260924_052754_b42c8ea8-cb80-4fc3-9cc4-9a372129efb7.png?v=1790227938,https://cdn.shopify.com/s/files/1/1019/2368/4726/files/O1CN01Q5Msmt29v8kzaZuej__2216104148129-0-cib.jpg?v=1790133813,https://cdn.shopify.com/s/files/1/1019/2368/4726/files/O1CN012wFB6p29v8kzyTprT__2216104148129-0-cib.jpg?v=1790133813,https://cdn.shopify.com/s/files/1/1019/2368/4726/files/O1CN01aDIopE29v8kzvUIOk__2216104148129-0-cib.jpg?v=1790133813","DeskRebel","","6242838635161","Grip-Training"
"15896059674998-58799673868662","15896059674998","DeskRebel PalmGrips – Silikon-Griffpads für Klimmzug & Gym - Gen 1 · Grau · Paar","Mehr Grip. Weniger Hornhaut. Die PalmGrips sind rutschfeste Silikon-Pads für die Handflächen – für Klimmzüge, Kurzhanteln, Kettlebells und Geräte. Sie schützen die Haut vor Reibung und geben dir sicheren Halt, ohne dick aufzutragen wie Handschuhe. Warum du es willst Rutschfeste Silikon-Oberfläche für sicheren Halt Schützt die Handflächen vor Reibung und Blasen Dünn und flexibel – du spürst die Stange weiterhin Gen 2 mit überarbeitetem Design Technische Daten Material Silikon Inhalt 1 Paar Varianten Gen 1 / Gen 2, Schwarz oder Grau Einsatz Klimmzug, Hanteln, Kettlebell, Geräte Lieferumfang 1 Paar PalmGrips Sportartikel, kein Medizinprodukt. Vor Gebrauch auf Beschädigungen prüfen, Belastung langsam steigern und bei Beschwerden ärztlichen Rat einholen.","in stock","new","26.99 EUR","https://www.deskrebel.store/products/palmgrips-silikon-griffpads?variant=58799673868662","https://cdn.shopify.com/s/files/1/1019/2368/4726/files/hf_20260924_052754_e23910d3-9181-413d-8bb5-5278c34b0ea5.png?v=1790227938","https://cdn.shopify.com/s/files/1/1019/2368/4726/files/hf_20260924_052615_71453f8d-5f6a-438d-bc74-b0105b4addc8.png?v=1790227938,https://cdn.shopify.com/s/files/1/1019/2368/4726/files/hf_20260924_052615_ec76ac3c-fc3a-4b4e-8015-d719d68f4459.png?v=1790227938,https://cdn.shopify.com/s/files/1/1019/2368/4726/files/hf_20260924_052615_0dc959c1-3faf-4d0d-815b-48fe654210d5.png?v=1790227938,https://cdn.shopify.com/s/files/1/1019/2368/4726/files/hf_20260924_052754_188ab5e0-5f28-42c1-ac25-e2e6db718e4f.png?v=1790227938,https://cdn.shopify.com/s/files/1/1019/2368/4726/files/hf_20260924_052615_c01bd903-67d7-46ac-8198-ad9ef4c424b7.png?v=1790227938,https://cdn.shopify.com/s/files/1/1019/2368/4726/files/hf_20260924_052754_b7b19f58-b3f1-4b91-927f-72cddd5303e3.png?v=1790227938,https://cdn.shopify.com/s/files/1/1019/2368/4726/files/hf_20260924_052754_b42c8ea8-cb80-4fc3-9cc4-9a372129efb7.png?v=1790227938,https://cdn.shopify.com/s/files/1/1019/2368/4726/files/O1CN01Q5Msmt29v8kzaZuej__2216104148129-0-cib.jpg?v=1790133813,https://cdn.shopify.com/s/files/1/1019/2368/4726/files/O1CN012wFB6p29v8kzyTprT__2216104148129-0-cib.jpg?v=1790133813,https://cdn.shopify.com/s/files/1/1019/2368/4726/files/O1CN01aDIopE29v8kzvUIOk__2216104148129-0-cib.jpg?v=1790133813","DeskRebel","","6242838635162","Grip-Training"
"15896059674998-58799673901430","15896059674998","DeskRebel PalmGrips – Silikon-Griffpads für Klimmzug & Gym - Gen 2 · Schwarz · Paar","Mehr Grip. Weniger Hornhaut. Die PalmGrips sind rutschfeste Silikon-Pads für die Handflächen – für Klimmzüge, Kurzhanteln, Kettlebells und Geräte. Sie schützen die Haut vor Reibung und geben dir sicheren Halt, ohne dick aufzutragen wie Handschuhe. Warum du es willst Rutschfeste Silikon-Oberfläche für sicheren Halt Schützt die Handflächen vor Reibung und Blasen Dünn und flexibel – du spürst die Stange weiterhin Gen 2 mit überarbeitetem Design Technische Daten Material Silikon Inhalt 1 Paar Varianten Gen 1 / Gen 2, Schwarz oder Grau Einsatz Klimmzug, Hanteln, Kettlebell, Geräte Lieferumfang 1 Paar PalmGrips Sportartikel, kein Medizinprodukt. Vor Gebrauch auf Beschädigungen prüfen, Belastung langsam steigern und bei Beschwerden ärztlichen Rat einholen.","in stock","new","26.99 EUR","https://www.deskrebel.store/products/palmgrips-silikon-griffpads?variant=58799673901430","https://cdn.shopify.com/s/files/1/1019/2368/4726/files/hf_20260924_052754_b42c8ea8-cb80-4fc3-9cc4-9a372129efb7.png?v=1790227938","https://cdn.shopify.com/s/files/1/1019/2368/4726/files/hf_20260924_052615_71453f8d-5f6a-438d-bc74-b0105b4addc8.png?v=1790227938,https://cdn.shopify.com/s/files/1/1019/2368/4726/files/hf_20260924_052615_ec76ac3c-fc3a-4b4e-8015-d719d68f4459.png?v=1790227938,https://cdn.shopify.com/s/files/1/1019/2368/4726/files/hf_20260924_052615_0dc959c1-3faf-4d0d-815b-48fe654210d5.png?v=1790227938,https://cdn.shopify.com/s/files/1/1019/2368/4726/files/hf_20260924_052754_188ab5e0-5f28-42c1-ac25-e2e6db718e4f.png?v=1790227938,https://cdn.shopify.com/s/files/1/1019/2368/4726/files/hf_20260924_052615_c01bd903-67d7-46ac-8198-ad9ef4c424b7.png?v=1790227938,https://cdn.shopify.com/s/files/1/1019/2368/4726/files/hf_20260924_052754_b7b19f58-b3f1-4b91-927f-72cddd5303e3.png?v=1790227938,https://cdn.shopify.com/s/files/1/1019/2368/4726/files/hf_20260924_052754_e23910d3-9181-413d-8bb5-5278c34b0ea5.png?v=1790227938,https://cdn.shopify.com/s/files/1/1019/2368/4726/files/O1CN01Q5Msmt29v8kzaZuej__2216104148129-0-cib.jpg?v=1790133813,https://cdn.shopify.com/s/files/1/1019/2368/4726/files/O1CN012wFB6p29v8kzyTprT__2216104148129-0-cib.jpg?v=1790133813,https://cdn.shopify.com/s/files/1/1019/2368/4726/files/O1CN01aDIopE29v8kzvUIOk__2216104148129-0-cib.jpg?v=1790133813","DeskRebel","","6242838635163","Grip-Training"
"15896059674998-58799673934198","15896059674998","DeskRebel PalmGrips – Silikon-Griffpads für Klimmzug & Gym - Gen 2 · Grau · Paar","Mehr Grip. Weniger Hornhaut. Die PalmGrips sind rutschfeste Silikon-Pads für die Handflächen – für Klimmzüge, Kurzhanteln, Kettlebells und Geräte. Sie schützen die Haut vor Reibung und geben dir sicheren Halt, ohne dick aufzutragen wie Handschuhe. Warum du es willst Rutschfeste Silikon-Oberfläche für sicheren Halt Schützt die Handflächen vor Reibung und Blasen Dünn und flexibel – du spürst die Stange weiterhin Gen 2 mit überarbeitetem Design Technische Daten Material Silikon Inhalt 1 Paar Varianten Gen 1 / Gen 2, Schwarz oder Grau Einsatz Klimmzug, Hanteln, Kettlebell, Geräte Lieferumfang 1 Paar PalmGrips Sportartikel, kein Medizinprodukt. Vor Gebrauch auf Beschädigungen prüfen, Belastung langsam steigern und bei Beschwerden ärztlichen Rat einholen.","in stock","new","26.99 EUR","https://www.deskrebel.store/products/palmgrips-silikon-griffpads?variant=58799673934198","https://cdn.shopify.com/s/files/1/1019/2368/4726/files/hf_20260924_052754_b42c8ea8-cb80-4fc3-9cc4-9a372129efb7.png?v=1790227938","https://cdn.shopify.com/s/files/1/1019/2368/4726/files/hf_20260924_052615_71453f8d-5f6a-438d-bc74-b0105b4addc8.png?v=1790227938,https://cdn.shopify.com/s/files/1/1019/2368/4726/files/hf_20260924_052615_ec76ac3c-fc3a-4b4e-8015-d719d68f4459.png?v=1790227938,https://cdn.shopify.com/s/files/1/1019/2368/4726/files/hf_20260924_052615_0dc959c1-3faf-4d0d-815b-48fe654210d5.png?v=1790227938,https://cdn.shopify.com/s/files/1/1019/2368/4726/files/hf_20260924_052754_188ab5e0-5f28-42c1-ac25-e2e6db718e4f.png?v=1790227938,https://cdn.shopify.com/s/files/1/1019/2368/4726/files/hf_20260924_052615_c01bd903-67d7-46ac-8198-ad9ef4c424b7.png?v=1790227938,https://cdn.shopify.com/s/files/1/1019/2368/4726/files/hf_20260924_052754_b7b19f58-b3f1-4b91-927f-72cddd5303e3.png?v=1790227938,https://cdn.shopify.com/s/files/1/1019/2368/4726/files/hf_20260924_052754_e23910d3-9181-413d-8bb5-5278c34b0ea5.png?v=1790227938,https://cdn.shopify.com/s/files/1/1019/2368/4726/files/O1CN01Q5Msmt29v8kzaZuej__2216104148129-0-cib.jpg?v=1790133813,https://cdn.shopify.com/s/files/1/1019/2368/4726/files/O1CN012wFB6p29v8kzyTprT__2216104148129-0-cib.jpg?v=1790133813,https://cdn.shopify.com/s/files/1/1019/2368/4726/files/O1CN01aDIopE29v8kzvUIOk__2216104148129-0-cib.jpg?v=1790133813","DeskRebel","","6242838635164","Grip-Training"
"15896058921334-58799671509366","15896058921334","DeskRebel GripRing – Silikon-Handtrainer für Griffkraft - Waben · Limettengrün · 5–9 kg","Griff wie Stahl – nebenbei. Der GripRing ist ein Silikon-Handtrainer für Griffkraft und Unterarme. Drücken, halten, loslassen – am Schreibtisch, beim Telefonieren oder auf der Couch. Mehrere Stärken, damit du dich steigern kannst. Warum du es willst Trainiert Griffkraft, Finger und Unterarme Weiches, griffiges Silikon mit starkem Rebound Waben-Oberfläche oder Classic – optional mit Karabiner-Clip für Tasche & Schlüssel Sechs Stärken von ca. 5 bis 32 kg Technische Daten Material Silikon Widerstand je nach Variante ca. 5–32 kg Varianten Waben, Classic, Classic + Clip Einsatz Griffkraft, Finger, Unterarme Lieferumfang 1 × GripRing (bei „+ Clip“ inkl. Karabiner-Clip) Sportartikel, kein Medizinprodukt. Vor Gebrauch auf Beschädigungen prüfen, Belastung langsam steigern und bei Beschwerden ärztlichen Rat einholen.","in stock","new","26.99 EUR","https://www.deskrebel.store/products/gripring-silikon-handtrainer?variant=58799671509366","https://cdn.shopify.com/s/files/1/1019/2368/4726/files/hf_20260924_051729_20436ae4-c280-4129-87a3-93a7cdfdad83.png?v=1790227720","https://cdn.shopify.com/s/files/1/1019/2368/4726/files/hf_20260924_045412_69016d12-0709-4c1d-aa8b-c8cae7ba4745.png?v=1790227719,https://cdn.shopify.com/s/files/1/1019/2368/4726/files/hf_20260924_051729_540ce30b-758b-4269-bdbb-624933091b14.png?v=1790227719,https://cdn.shopify.com/s/files/1/1019/2368/4726/files/hf_20260924_051730_8a02a354-cac0-4d4e-ae72-6c4e8ff24547.png?v=1790227719,https://cdn.shopify.com/s/files/1/1019/2368/4726/files/hf_20260924_051730_3df08584-4a42-4c53-91c1-030e77f73dfd.png?v=1790227719,https://cdn.shopify.com/s/files/1/1019/2368/4726/files/hf_20260924_051729_9b6915db-5580-4488-a53a-bf38e3e8f85e.png?v=1790227720,https://cdn.shopify.com/s/files/1/1019/2368/4726/files/hf_20260924_052340_9ec6f918-1ca5-49eb-a488-7631c4ca8c13.png?v=1790227719,https://cdn.shopify.com/s/files/1/1019/2368/4726/files/hf_20260924_052340_bb4a97d8-2321-4987-b44b-7a8f57a8ca6c.png?v=1790227720,https://cdn.shopify.com/s/files/1/1019/2368/4726/files/hf_20260924_052341_9b90c037-db4b-473a-bbf6-6be71eded2ed.png?v=1790227720,https://cdn.shopify.com/s/files/1/1019/2368/4726/files/hf_20260924_052340_3a8db6d9-2bcd-4ac2-926f-b9c105158a14.png?v=1790227720,https://cdn.shopify.com/s/files/1/1019/2368/4726/files/hf_20260924_052340_97119973-f784-4480-9334-13b1e114dc69.png?v=1790227720","DeskRebel","","6140187661373","Grip-Training"
"15896058921334-58799671542134","15896058921334","DeskRebel GripRing – Silikon-Handtrainer für Griffkraft - Waben · Kirschblüte · 9–14 kg","Griff wie Stahl – nebenbei. Der GripRing ist ein Silikon-Handtrainer für Griffkraft und Unterarme. Drücken, halten, loslassen – am Schreibtisch, beim Telefonieren oder auf der Couch. Mehrere Stärken, damit du dich steigern kannst. Warum du es willst Trainiert Griffkraft, Finger und Unterarme Weiches, griffiges Silikon mit starkem Rebound Waben-Oberfläche oder Classic – optional mit Karabiner-Clip für Tasche & Schlüssel Sechs Stärken von ca. 5 bis 32 kg Technische Daten Material Silikon Widerstand je nach Variante ca. 5–32 kg Varianten Waben, Classic, Classic + Clip Einsatz Griffkraft, Finger, Unterarme Lieferumfang 1 × GripRing (bei „+ Clip“ inkl. Karabiner-Clip) Sportartikel, kein Medizinprodukt. Vor Gebrauch auf Beschädigungen prüfen, Belastung langsam steigern und bei Beschwerden ärztlichen Rat einholen.","in stock","new","26.99 EUR","https://www.deskrebel.store/products/gripring-silikon-handtrainer?variant=58799671542134","https://cdn.shopify.com/s/files/1/1019/2368/4726/files/hf_20260924_052340_9ec6f918-1ca5-49eb-a488-7631c4ca8c13.png?v=1790227719","https://cdn.shopify.com/s/files/1/1019/2368/4726/files/hf_20260924_045412_69016d12-0709-4c1d-aa8b-c8cae7ba4745.png?v=1790227719,https://cdn.shopify.com/s/files/1/1019/2368/4726/files/hf_20260924_051729_540ce30b-758b-4269-bdbb-624933091b14.png?v=1790227719,https://cdn.shopify.com/s/files/1/1019/2368/4726/files/hf_20260924_051730_8a02a354-cac0-4d4e-ae72-6c4e8ff24547.png?v=1790227719,https://cdn.shopify.com/s/files/1/1019/2368/4726/files/hf_20260924_051730_3df08584-4a42-4c53-91c1-030e77f73dfd.png?v=1790227719,https://cdn.shopify.com/s/files/1/1019/2368/4726/files/hf_20260924_051729_9b6915db-5580-4488-a53a-bf38e3e8f85e.png?v=1790227720,https://cdn.shopify.com/s/files/1/1019/2368/4726/files/hf_20260924_051729_20436ae4-c280-4129-87a3-93a7cdfdad83.png?v=1790227720,https://cdn.shopify.com/s/files/1/1019/2368/4726/files/hf_20260924_052340_bb4a97d8-2321-4987-b44b-7a8f57a8ca6c.png?v=1790227720,https://cdn.shopify.com/s/files/1/1019/2368/4726/files/hf_20260924_052341_9b90c037-db4b-473a-bbf6-6be71eded2ed.png?v=1790227720,https://cdn.shopify.com/s/files/1/1019/2368/4726/files/hf_20260924_052340_3a8db6d9-2bcd-4ac2-926f-b9c105158a14.png?v=1790227720,https://cdn.shopify.com/s/files/1/1019/2368/4726/files/hf_20260924_052340_97119973-f784-4480-9334-13b1e114dc69.png?v=1790227720","DeskRebel","","6140187661378","Grip-Training"
"15896058921334-58799671574902","15896058921334","DeskRebel GripRing – Silikon-Handtrainer für Griffkraft - Waben · Hellblau · 14–18 kg","Griff wie Stahl – nebenbei. Der GripRing ist ein Silikon-Handtrainer für Griffkraft und Unterarme. Drücken, halten, loslassen – am Schreibtisch, beim Telefonieren oder auf der Couch. Mehrere Stärken, damit du dich steigern kannst. Warum du es willst Trainiert Griffkraft, Finger und Unterarme Weiches, griffiges Silikon mit starkem Rebound Waben-Oberfläche oder Classic – optional mit Karabiner-Clip für Tasche & Schlüssel Sechs Stärken von ca. 5 bis 32 kg Technische Daten Material Silikon Widerstand je nach Variante ca. 5–32 kg Varianten Waben, Classic, Classic + Clip Einsatz Griffkraft, Finger, Unterarme Lieferumfang 1 × GripRing (bei „+ Clip“ inkl. Karabiner-Clip) Sportartikel, kein Medizinprodukt. Vor Gebrauch auf Beschädigungen prüfen, Belastung langsam steigern und bei Beschwerden ärztlichen Rat einholen.","in stock","new","26.99 EUR","https://www.deskrebel.store/products/gripring-silikon-handtrainer?variant=58799671574902","https://cdn.shopify.com/s/files/1/1019/2368/4726/files/hf_20260924_052340_bb4a97d8-2321-4987-b44b-7a8f57a8ca6c.png?v=1790227720","https://cdn.shopify.com/s/files/1/1019/2368/4726/files/hf_20260924_045412_69016d12-0709-4c1d-aa8b-c8cae7ba4745.png?v=1790227719,https://cdn.shopify.com/s/files/1/1019/2368/4726/files/hf_20260924_051729_540ce30b-758b-4269-bdbb-624933091b14.png?v=1790227719,https://cdn.shopify.com/s/files/1/1019/2368/4726/files/hf_20260924_051730_8a02a354-cac0-4d4e-ae72-6c4e8ff24547.png?v=1790227719,https://cdn.shopify.com/s/files/1/1019/2368/4726/files/hf_20260924_051730_3df08584-4a42-4c53-91c1-030e77f73dfd.png?v=1790227719,https://cdn.shopify.com/s/files/1/1019/2368/4726/files/hf_20260924_051729_9b6915db-5580-4488-a53a-bf38e3e8f85e.png?v=1790227720,https://cdn.shopify.com/s/files/1/1019/2368/4726/files/hf_20260924_051729_20436ae4-c280-4129-87a3-93a7cdfdad83.png?v=1790227720,https://cdn.shopify.com/s/files/1/1019/2368/4726/files/hf_20260924_052340_9ec6f918-1ca5-49eb-a488-7631c4ca8c13.png?v=1790227719,https://cdn.shopify.com/s/files/1/1019/2368/4726/files/hf_20260924_052341_9b90c037-db4b-473a-bbf6-6be71eded2ed.png?v=1790227720,https://cdn.shopify.com/s/files/1/1019/2368/4726/files/hf_20260924_052340_3a8db6d9-2bcd-4ac2-926f-b9c105158a14.png?v=1790227720,https://cdn.shopify.com/s/files/1/1019/2368/4726/files/hf_20260924_052340_97119973-f784-4480-9334-13b1e114dc69.png?v=1790227720","DeskRebel","","6140187661374","Grip-Training"
"15896058921334-58799671607670","15896058921334","DeskRebel GripRing – Silikon-Handtrainer für Griffkraft - Waben · Meerblau · 18–23 kg","Griff wie Stahl – nebenbei. Der GripRing ist ein Silikon-Handtrainer für Griffkraft und Unterarme. Drücken, halten, loslassen – am Schreibtisch, beim Telefonieren oder auf der Couch. Mehrere Stärken, damit du dich steigern kannst. Warum du es willst Trainiert Griffkraft, Finger und Unterarme Weiches, griffiges Silikon mit starkem Rebound Waben-Oberfläche oder Classic – optional mit Karabiner-Clip für Tasche & Schlüssel Sechs Stärken von ca. 5 bis 32 kg Technische Daten Material Silikon Widerstand je nach Variante ca. 5–32 kg Varianten Waben, Classic, Classic + Clip Einsatz Griffkraft, Finger, Unterarme Lieferumfang 1 × GripRing (bei „+ Clip“ inkl. Karabiner-Clip) Sportartikel, kein Medizinprodukt. Vor Gebrauch auf Beschädigungen prüfen, Belastung langsam steigern und bei Beschwerden ärztlichen Rat einholen.","in stock","new","26.99 EUR","https://www.deskrebel.store/products/gripring-silikon-handtrainer?variant=58799671607670","https://cdn.shopify.com/s/files/1/1019/2368/4726/files/hf_20260924_052341_9b90c037-db4b-473a-bbf6-6be71eded2ed.png?v=1790227720","https://cdn.shopify.com/s/files/1/1019/2368/4726/files/hf_20260924_045412_69016d12-0709-4c1d-aa8b-c8cae7ba4745.png?v=1790227719,https://cdn.shopify.com/s/files/1/1019/2368/4726/files/hf_20260924_051729_540ce30b-758b-4269-bdbb-624933091b14.png?v=1790227719,https://cdn.shopify.com/s/files/1/1019/2368/4726/files/hf_20260924_051730_8a02a354-cac0-4d4e-ae72-6c4e8ff24547.png?v=1790227719,https://cdn.shopify.com/s/files/1/1019/2368/4726/files/hf_20260924_051730_3df08584-4a42-4c53-91c1-030e77f73dfd.png?v=1790227719,https://cdn.shopify.com/s/files/1/1019/2368/4726/files/hf_20260924_051729_9b6915db-5580-4488-a53a-bf38e3e8f85e.png?v=1790227720,https://cdn.shopify.com/s/files/1/1019/2368/4726/files/hf_20260924_051729_20436ae4-c280-4129-87a3-93a7cdfdad83.png?v=1790227720,https://cdn.shopify.com/s/files/1/1019/2368/4726/files/hf_20260924_052340_9ec6f918-1ca5-49eb-a488-7631c4ca8c13.png?v=1790227719,https://cdn.shopify.com/s/files/1/1019/2368/4726/files/hf_20260924_052340_bb4a97d8-2321-4987-b44b-7a8f57a8ca6c.png?v=1790227720,https://cdn.shopify.com/s/files/1/1019/2368/4726/files/hf_20260924_052340_3a8db6d9-2bcd-4ac2-926f-b9c105158a14.png?v=1790227720,https://cdn.shopify.com/s/files/1/1019/2368/4726/files/hf_20260924_052340_97119973-f784-4480-9334-13b1e114dc69.png?v=1790227720","DeskRebel","","6140187661375","Grip-Training"
"15896058921334-58799671640438","15896058921334","DeskRebel GripRing – Silikon-Handtrainer für Griffkraft - Waben · Traubenlila · 23–27 kg","Griff wie Stahl – nebenbei. Der GripRing ist ein Silikon-Handtrainer für Griffkraft und Unterarme. Drücken, halten, loslassen – am Schreibtisch, beim Telefonieren oder auf der Couch. Mehrere Stärken, damit du dich steigern kannst. Warum du es willst Trainiert Griffkraft, Finger und Unterarme Weiches, griffiges Silikon mit starkem Rebound Waben-Oberfläche oder Classic – optional mit Karabiner-Clip für Tasche & Schlüssel Sechs Stärken von ca. 5 bis 32 kg Technische Daten Material Silikon Widerstand je nach Variante ca. 5–32 kg Varianten Waben, Classic, Classic + Clip Einsatz Griffkraft, Finger, Unterarme Lieferumfang 1 × GripRing (bei „+ Clip“ inkl. Karabiner-Clip) Sportartikel, kein Medizinprodukt. Vor Gebrauch auf Beschädigungen prüfen, Belastung langsam steigern und bei Beschwerden ärztlichen Rat einholen.","in stock","new","26.99 EUR","https://www.deskrebel.store/products/gripring-silikon-handtrainer?variant=58799671640438","https://cdn.shopify.com/s/files/1/1019/2368/4726/files/hf_20260924_052340_3a8db6d9-2bcd-4ac2-926f-b9c105158a14.png?v=1790227720","https://cdn.shopify.com/s/files/1/1019/2368/4726/files/hf_20260924_045412_69016d12-0709-4c1d-aa8b-c8cae7ba4745.png?v=1790227719,https://cdn.shopify.com/s/files/1/1019/2368/4726/files/hf_20260924_051729_540ce30b-758b-4269-bdbb-624933091b14.png?v=1790227719,https://cdn.shopify.com/s/files/1/1019/2368/4726/files/hf_20260924_051730_8a02a354-cac0-4d4e-ae72-6c4e8ff24547.png?v=1790227719,https://cdn.shopify.com/s/files/1/1019/2368/4726/files/hf_20260924_051730_3df08584-4a42-4c53-91c1-030e77f73dfd.png?v=1790227719,https://cdn.shopify.com/s/files/1/1019/2368/4726/files/hf_20260924_051729_9b6915db-5580-4488-a53a-bf38e3e8f85e.png?v=1790227720,https://cdn.shopify.com/s/files/1/1019/2368/4726/files/hf_20260924_051729_20436ae4-c280-4129-87a3-93a7cdfdad83.png?v=1790227720,https://cdn.shopify.com/s/files/1/1019/2368/4726/files/hf_20260924_052340_9ec6f918-1ca5-49eb-a488-7631c4ca8c13.png?v=1790227719,https://cdn.shopify.com/s/files/1/1019/2368/4726/files/hf_20260924_052340_bb4a97d8-2321-4987-b44b-7a8f57a8ca6c.png?v=1790227720,https://cdn.shopify.com/s/files/1/1019/2368/4726/files/hf_20260924_052341_9b90c037-db4b-473a-bbf6-6be71eded2ed.png?v=1790227720,https://cdn.shopify.com/s/files/1/1019/2368/4726/files/hf_20260924_052340_97119973-f784-4480-9334-13b1e114dc69.png?v=1790227720","DeskRebel","","6140187661376","Grip-Training"
"15896058921334-58799671673206","15896058921334","DeskRebel GripRing – Silikon-Handtrainer für Griffkraft - Waben · Nebelgrau · 27–32 kg","Griff wie Stahl – nebenbei. Der GripRing ist ein Silikon-Handtrainer für Griffkraft und Unterarme. Drücken, halten, loslassen – am Schreibtisch, beim Telefonieren oder auf der Couch. Mehrere Stärken, damit du dich steigern kannst. Warum du es willst Trainiert Griffkraft, Finger und Unterarme Weiches, griffiges Silikon mit starkem Rebound Waben-Oberfläche oder Classic – optional mit Karabiner-Clip für Tasche & Schlüssel Sechs Stärken von ca. 5 bis 32 kg Technische Daten Material Silikon Widerstand je nach Variante ca. 5–32 kg Varianten Waben, Classic, Classic + Clip Einsatz Griffkraft, Finger, Unterarme Lieferumfang 1 × GripRing (bei „+ Clip“ inkl. Karabiner-Clip) Sportartikel, kein Medizinprodukt. Vor Gebrauch auf Beschädigungen prüfen, Belastung langsam steigern und bei Beschwerden ärztlichen Rat einholen.","in stock","new","26.99 EUR","https://www.deskrebel.store/products/gripring-silikon-handtrainer?variant=58799671673206","https://cdn.shopify.com/s/files/1/1019/2368/4726/files/hf_20260924_052340_97119973-f784-4480-9334-13b1e114dc69.png?v=1790227720","https://cdn.shopify.com/s/files/1/1019/2368/4726/files/hf_20260924_045412_69016d12-0709-4c1d-aa8b-c8cae7ba4745.png?v=1790227719,https://cdn.shopify.com/s/files/1/1019/2368/4726/files/hf_20260924_051729_540ce30b-758b-4269-bdbb-624933091b14.png?v=1790227719,https://cdn.shopify.com/s/files/1/1019/2368/4726/files/hf_20260924_051730_8a02a354-cac0-4d4e-ae72-6c4e8ff24547.png?v=1790227719,https://cdn.shopify.com/s/files/1/1019/2368/4726/files/hf_20260924_051730_3df08584-4a42-4c53-91c1-030e77f73dfd.png?v=1790227719,https://cdn.shopify.com/s/files/1/1019/2368/4726/files/hf_20260924_051729_9b6915db-5580-4488-a53a-bf38e3e8f85e.png?v=1790227720,https://cdn.shopify.com/s/files/1/1019/2368/4726/files/hf_20260924_051729_20436ae4-c280-4129-87a3-93a7cdfdad83.png?v=1790227720,https://cdn.shopify.com/s/files/1/1019/2368/4726/files/hf_20260924_052340_9ec6f918-1ca5-49eb-a488-7631c4ca8c13.png?v=1790227719,https://cdn.shopify.com/s/files/1/1019/2368/4726/files/hf_20260924_052340_bb4a97d8-2321-4987-b44b-7a8f57a8ca6c.png?v=1790227720,https://cdn.shopify.com/s/files/1/1019/2368/4726/files/hf_20260924_052341_9b90c037-db4b-473a-bbf6-6be71eded2ed.png?v=1790227720,https://cdn.shopify.com/s/files/1/1019/2368/4726/files/hf_20260924_052340_3a8db6d9-2bcd-4ac2-926f-b9c105158a14.png?v=1790227720","DeskRebel","","6140187661377","Grip-Training"
"15896058921334-58799671705974","15896058921334","DeskRebel GripRing – Silikon-Handtrainer für Griffkraft - Classic · Sakura-Rosa · 5–9 kg","Griff wie Stahl – nebenbei. Der GripRing ist ein Silikon-Handtrainer für Griffkraft und Unterarme. Drücken, halten, loslassen – am Schreibtisch, beim Telefonieren oder auf der Couch. Mehrere Stärken, damit du dich steigern kannst. Warum du es willst Trainiert Griffkraft, Finger und Unterarme Weiches, griffiges Silikon mit starkem Rebound Waben-Oberfläche oder Classic – optional mit Karabiner-Clip für Tasche & Schlüssel Sechs Stärken von ca. 5 bis 32 kg Technische Daten Material Silikon Widerstand je nach Variante ca. 5–32 kg Varianten Waben, Classic, Classic + Clip Einsatz Griffkraft, Finger, Unterarme Lieferumfang 1 × GripRing (bei „+ Clip“ inkl. Karabiner-Clip) Sportartikel, kein Medizinprodukt. Vor Gebrauch auf Beschädigungen prüfen, Belastung langsam steigern und bei Beschwerden ärztlichen Rat einholen.","in stock","new","26.99 EUR","https://www.deskrebel.store/products/gripring-silikon-handtrainer?variant=58799671705974","https://cdn.shopify.com/s/files/1/1019/2368/4726/files/hf_20260924_052341_7e47a645-6ba0-4cc0-832a-0f79e353425f.png?v=1790227719","https://cdn.shopify.com/s/files/1/1019/2368/4726/files/hf_20260924_045412_69016d12-0709-4c1d-aa8b-c8cae7ba4745.png?v=1790227719,https://cdn.shopify.com/s/files/1/1019/2368/4726/files/hf_20260924_051729_540ce30b-758b-4269-bdbb-624933091b14.png?v=1790227719,https://cdn.shopify.com/s/files/1/1019/2368/4726/files/hf_20260924_051730_8a02a354-cac0-4d4e-ae72-6c4e8ff24547.png?v=1790227719,https://cdn.shopify.com/s/files/1/1019/2368/4726/files/hf_20260924_051730_3df08584-4a42-4c53-91c1-030e77f73dfd.png?v=1790227719,https://cdn.shopify.com/s/files/1/1019/2368/4726/files/hf_20260924_051729_9b6915db-5580-4488-a53a-bf38e3e8f85e.png?v=1790227720,https://cdn.shopify.com/s/files/1/1019/2368/4726/files/hf_20260924_051729_20436ae4-c280-4129-87a3-93a7cdfdad83.png?v=1790227720,https://cdn.shopify.com/s/files/1/1019/2368/4726/files/hf_20260924_052340_9ec6f918-1ca5-49eb-a488-7631c4ca8c13.png?v=1790227719,https://cdn.shopify.com/s/files/1/1019/2368/4726/files/hf_20260924_052340_bb4a97d8-2321-4987-b44b-7a8f57a8ca6c.png?v=1790227720,https://cdn.shopify.com/s/files/1/1019/2368/4726/files/hf_20260924_052341_9b90c037-db4b-473a-bbf6-6be71eded2ed.png?v=1790227720,https://cdn.shopify.com/s/files/1/1019/2368/4726/files/hf_20260924_052340_3a8db6d9-2bcd-4ac2-926f-b9c105158a14.png?v=1790227720","DeskRebel","","6060147464707","Grip-Training"
"15896058921334-58799671738742","15896058921334","DeskRebel GripRing – Silikon-Handtrainer für Griffkraft - Classic · Limettengrün · 9–14 kg","Griff wie Stahl – nebenbei. Der GripRing ist ein Silikon-Handtrainer für Griffkraft und Unterarme. Drücken, halten, loslassen – am Schreibtisch, beim Telefonieren oder auf der Couch. Mehrere Stärken, damit du dich steigern kannst. Warum du es willst Trainiert Griffkraft, Finger und Unterarme Weiches, griffiges Silikon mit starkem Rebound Waben-Oberfläche oder Classic – optional mit Karabiner-Clip für Tasche & Schlüssel Sechs Stärken von ca. 5 bis 32 kg Technische Daten Material Silikon Widerstand je nach Variante ca. 5–32 kg Varianten Waben, Classic, Classic + Clip Einsatz Griffkraft, Finger, Unterarme Lieferumfang 1 × GripRing (bei „+ Clip“ inkl. Karabiner-Clip) Sportartikel, kein Medizinprodukt. Vor Gebrauch auf Beschädigungen prüfen, Belastung langsam steigern und bei Beschwerden ärztlichen Rat einholen.","in stock","new","26.99 EUR","https://www.deskrebel.store/products/gripring-silikon-handtrainer?variant=58799671738742","https://cdn.shopify.com/s/files/1/1019/2368/4726/files/hf_20260924_052615_07edc5ba-8903-41f5-9a4e-eefe60ed9141.png?v=1790227719","https://cdn.shopify.com/s/files/1/1019/2368/4726/files/hf_20260924_045412_69016d12-0709-4c1d-aa8b-c8cae7ba4745.png?v=1790227719,https://cdn.shopify.com/s/files/1/1019/2368/4726/files/hf_20260924_051729_540ce30b-758b-4269-bdbb-624933091b14.png?v=1790227719,https://cdn.shopify.com/s/files/1/1019/2368/4726/files/hf_20260924_051730_8a02a354-cac0-4d4e-ae72-6c4e8ff24547.png?v=1790227719,https://cdn.shopify.com/s/files/1/1019/2368/4726/files/hf_20260924_051730_3df08584-4a42-4c53-91c1-030e77f73dfd.png?v=1790227719,https://cdn.shopify.com/s/files/1/1019/2368/4726/files/hf_20260924_051729_9b6915db-5580-4488-a53a-bf38e3e8f85e.png?v=1790227720,https://cdn.shopify.com/s/files/1/1019/2368/4726/files/hf_20260924_051729_20436ae4-c280-4129-87a3-93a7cdfdad83.png?v=1790227720,https://cdn.shopify.com/s/files/1/1019/2368/4726/files/hf_20260924_052340_9ec6f918-1ca5-49eb-a488-7631c4ca8c13.png?v=1790227719,https://cdn.shopify.com/s/files/1/1019/2368/4726/files/hf_20260924_052340_bb4a97d8-2321-4987-b44b-7a8f57a8ca6c.png?v=1790227720,https://cdn.shopify.com/s/files/1/1019/2368/4726/files/hf_20260924_052341_9b90c037-db4b-473a-bbf6-6be71eded2ed.png?v=1790227720,https://cdn.shopify.com/s/files/1/1019/2368/4726/files/hf_20260924_052340_3a8db6d9-2bcd-4ac2-926f-b9c105158a14.png?v=1790227720","DeskRebel","","6060147464708","Grip-Training"
"15896058921334-58799671771510","15896058921334","DeskRebel GripRing – Silikon-Handtrainer für Griffkraft - Classic · Hellblau · 14–18 kg","Griff wie Stahl – nebenbei. Der GripRing ist ein Silikon-Handtrainer für Griffkraft und Unterarme. Drücken, halten, loslassen – am Schreibtisch, beim Telefonieren oder auf der Couch. Mehrere Stärken, damit du dich steigern kannst. Warum du es willst Trainiert Griffkraft, Finger und Unterarme Weiches, griffiges Silikon mit starkem Rebound Waben-Oberfläche oder Classic – optional mit Karabiner-Clip für Tasche & Schlüssel Sechs Stärken von ca. 5 bis 32 kg Technische Daten Material Silikon Widerstand je nach Variante ca. 5–32 kg Varianten Waben, Classic, Classic + Clip Einsatz Griffkraft, Finger, Unterarme Lieferumfang 1 × GripRing (bei „+ Clip“ inkl. Karabiner-Clip) Sportartikel, kein Medizinprodukt. Vor Gebrauch auf Beschädigungen prüfen, Belastung langsam steigern und bei Beschwerden ärztlichen Rat einholen.","in stock","new","26.99 EUR","https://www.deskrebel.store/products/gripring-silikon-handtrainer?variant=58799671771510","https://cdn.shopify.com/s/files/1/1019/2368/4726/files/hf_20260924_052340_f49e2d81-f17d-418f-a41e-3951385800e2.png?v=1790227720","https://cdn.shopify.com/s/files/1/1019/2368/4726/files/hf_20260924_045412_69016d12-0709-4c1d-aa8b-c8cae7ba4745.png?v=1790227719,https://cdn.shopify.com/s/files/1/1019/2368/4726/files/hf_20260924_051729_540ce30b-758b-4269-bdbb-624933091b14.png?v=1790227719,https://cdn.shopify.com/s/files/1/1019/2368/4726/files/hf_20260924_051730_8a02a354-cac0-4d4e-ae72-6c4e8ff24547.png?v=1790227719,https://cdn.shopify.com/s/files/1/1019/2368/4726/files/hf_20260924_051730_3df08584-4a42-4c53-91c1-030e77f73dfd.png?v=1790227719,https://cdn.shopify.com/s/files/1/1019/2368/4726/files/hf_20260924_051729_9b6915db-5580-4488-a53a-bf38e3e8f85e.png?v=1790227720,https://cdn.shopify.com/s/files/1/1019/2368/4726/files/hf_20260924_051729_20436ae4-c280-4129-87a3-93a7cdfdad83.png?v=1790227720,https://cdn.shopify.com/s/files/1/1019/2368/4726/files/hf_20260924_052340_9ec6f918-1ca5-49eb-a488-7631c4ca8c13.png?v=1790227719,https://cdn.shopify.com/s/files/1/1019/2368/4726/files/hf_20260924_052340_bb4a97d8-2321-4987-b44b-7a8f57a8ca6c.png?v=1790227720,https://cdn.shopify.com/s/files/1/1019/2368/4726/files/hf_20260924_052341_9b90c037-db4b-473a-bbf6-6be71eded2ed.png?v=1790227720,https://cdn.shopify.com/s/files/1/1019/2368/4726/files/hf_20260924_052340_3a8db6d9-2bcd-4ac2-926f-b9c105158a14.png?v=1790227720","DeskRebel","","6060147464709","Grip-Training"
"15896058921334-58799671804278","15896058921334","DeskRebel GripRing – Silikon-Handtrainer für Griffkraft - Classic · Meerblau · 18–23 kg","Griff wie Stahl – nebenbei. Der GripRing ist ein Silikon-Handtrainer für Griffkraft und Unterarme. Drücken, halten, loslassen – am Schreibtisch, beim Telefonieren oder auf der Couch. Mehrere Stärken, damit du dich steigern kannst. Warum du es willst Trainiert Griffkraft, Finger und Unterarme Weiches, griffiges Silikon mit starkem Rebound Waben-Oberfläche oder Classic – optional mit Karabiner-Clip für Tasche & Schlüssel Sechs Stärken von ca. 5 bis 32 kg Technische Daten Material Silikon Widerstand je nach Variante ca. 5–32 kg Varianten Waben, Classic, Classic + Clip Einsatz Griffkraft, Finger, Unterarme Lieferumfang 1 × GripRing (bei „+ Clip“ inkl. Karabiner-Clip) Sportartikel, kein Medizinprodukt. Vor Gebrauch auf Beschädigungen prüfen, Belastung langsam steigern und bei Beschwerden ärztlichen Rat einholen.","in stock","new","26.99 EUR","https://www.deskrebel.store/products/gripring-silikon-handtrainer?variant=58799671804278","https://cdn.shopify.com/s/files/1/1019/2368/4726/files/hf_20260924_052615_dc013485-c380-4459-84f4-375e5c715070.png?v=1790227719","https://cdn.shopify.com/s/files/1/1019/2368/4726/files/hf_20260924_045412_69016d12-0709-4c1d-aa8b-c8cae7ba4745.png?v=1790227719,https://cdn.shopify.com/s/files/1/1019/2368/4726/files/hf_20260924_051729_540ce30b-758b-4269-bdbb-624933091b14.png?v=1790227719,https://cdn.shopify.com/s/files/1/1019/2368/4726/files/hf_20260924_051730_8a02a354-cac0-4d4e-ae72-6c4e8ff24547.png?v=1790227719,https://cdn.shopify.com/s/files/1/1019/2368/4726/files/hf_20260924_051730_3df08584-4a42-4c53-91c1-030e77f73dfd.png?v=1790227719,https://cdn.shopify.com/s/files/1/1019/2368/4726/files/hf_20260924_051729_9b6915db-5580-4488-a53a-bf38e3e8f85e.png?v=1790227720,https://cdn.shopify.com/s/files/1/1019/2368/4726/files/hf_20260924_051729_20436ae4-c280-4129-87a3-93a7cdfdad83.png?v=1790227720,https://cdn.shopify.com/s/files/1/1019/2368/4726/files/hf_20260924_052340_9ec6f918-1ca5-49eb-a488-7631c4ca8c13.png?v=1790227719,https://cdn.shopify.com/s/files/1/1019/2368/4726/files/hf_20260924_052340_bb4a97d8-2321-4987-b44b-7a8f57a8ca6c.png?v=1790227720,https://cdn.shopify.com/s/files/1/1019/2368/4726/files/hf_20260924_052341_9b90c037-db4b-473a-bbf6-6be71eded2ed.png?v=1790227720,https://cdn.shopify.com/s/files/1/1019/2368/4726/files/hf_20260924_052340_3a8db6d9-2bcd-4ac2-926f-b9c105158a14.png?v=1790227720","DeskRebel","","6060147464710","Grip-Training"
"15896058921334-58799671837046","15896058921334","DeskRebel GripRing – Silikon-Handtrainer für Griffkraft - Classic · Traubenlila · 23–27 kg","Griff wie Stahl – nebenbei. Der GripRing ist ein Silikon-Handtrainer für Griffkraft und Unterarme. Drücken, halten, loslassen – am Schreibtisch, beim Telefonieren oder auf der Couch. Mehrere Stärken, damit du dich steigern kannst. Warum du es willst Trainiert Griffkraft, Finger und Unterarme Weiches, griffiges Silikon mit starkem Rebound Waben-Oberfläche oder Classic – optional mit Karabiner-Clip für Tasche & Schlüssel Sechs Stärken von ca. 5 bis 32 kg Technische Daten Material Silikon Widerstand je nach Variante ca. 5–32 kg Varianten Waben, Classic, Classic + Clip Einsatz Griffkraft, Finger, Unterarme Lieferumfang 1 × GripRing (bei „+ Clip“ inkl. Karabiner-Clip) Sportartikel, kein Medizinprodukt. Vor Gebrauch auf Beschädigungen prüfen, Belastung langsam steigern und bei Beschwerden ärztlichen Rat einholen.","in stock","new","26.99 EUR","https://www.deskrebel.store/products/gripring-silikon-handtrainer?variant=58799671837046","https://cdn.shopify.com/s/files/1/1019/2368/4726/files/O1CN01XiaVux2N0ia0W1MlB__2218021289901-0-cib.jpg?v=1790133768","https://cdn.shopify.com/s/files/1/1019/2368/4726/files/hf_20260924_045412_69016d12-0709-4c1d-aa8b-c8cae7ba4745.png?v=1790227719,https://cdn.shopify.com/s/files/1/1019/2368/4726/files/hf_20260924_051729_540ce30b-758b-4269-bdbb-624933091b14.png?v=1790227719,https://cdn.shopify.com/s/files/1/1019/2368/4726/files/hf_20260924_051730_8a02a354-cac0-4d4e-ae72-6c4e8ff24547.png?v=1790227719,https://cdn.shopify.com/s/files/1/1019/2368/4726/files/hf_20260924_051730_3df08584-4a42-4c53-91c1-030e77f73dfd.png?v=1790227719,https://cdn.shopify.com/s/files/1/1019/2368/4726/files/hf_20260924_051729_9b6915db-5580-4488-a53a-bf38e3e8f85e.png?v=1790227720,https://cdn.shopify.com/s/files/1/1019/2368/4726/files/hf_20260924_051729_20436ae4-c280-4129-87a3-93a7cdfdad83.png?v=1790227720,https://cdn.shopify.com/s/files/1/1019/2368/4726/files/hf_20260924_052340_9ec6f918-1ca5-49eb-a488-7631c4ca8c13.png?v=1790227719,https://cdn.shopify.com/s/files/1/1019/2368/4726/files/hf_20260924_052340_bb4a97d8-2321-4987-b44b-7a8f57a8ca6c.png?v=1790227720,https://cdn.shopify.com/s/files/1/1019/2368/4726/files/hf_20260924_052341_9b90c037-db4b-473a-bbf6-6be71eded2ed.png?v=1790227720,https://cdn.shopify.com/s/files/1/1019/2368/4726/files/hf_20260924_052340_3a8db6d9-2bcd-4ac2-926f-b9c105158a14.png?v=1790227720","DeskRebel","","6060147464711","Grip-Training"
"15896058921334-58799671869814","15896058921334","DeskRebel GripRing – Silikon-Handtrainer für Griffkraft - Classic · Nebelgrau · 23–27 kg","Griff wie Stahl – nebenbei. Der GripRing ist ein Silikon-Handtrainer für Griffkraft und Unterarme. Drücken, halten, loslassen – am Schreibtisch, beim Telefonieren oder auf der Couch. Mehrere Stärken, damit du dich steigern kannst. Warum du es willst Trainiert Griffkraft, Finger und Unterarme Weiches, griffiges Silikon mit starkem Rebound Waben-Oberfläche oder Classic – optional mit Karabiner-Clip für Tasche & Schlüssel Sechs Stärken von ca. 5 bis 32 kg Technische Daten Material Silikon Widerstand je nach Variante ca. 5–32 kg Varianten Waben, Classic, Classic + Clip Einsatz Griffkraft, Finger, Unterarme Lieferumfang 1 × GripRing (bei „+ Clip“ inkl. Karabiner-Clip) Sportartikel, kein Medizinprodukt. Vor Gebrauch auf Beschädigungen prüfen, Belastung langsam steigern und bei Beschwerden ärztlichen Rat einholen.","in stock","new","26.99 EUR","https://www.deskrebel.store/products/gripring-silikon-handtrainer?variant=58799671869814","https://cdn.shopify.com/s/files/1/1019/2368/4726/files/O1CN01Id0TWV2N0ia16C3tL__2218021289901-0-cib.jpg?v=1790133768","https://cdn.shopify.com/s/files/1/1019/2368/4726/files/hf_20260924_045412_69016d12-0709-4c1d-aa8b-c8cae7ba4745.png?v=1790227719,https://cdn.shopify.com/s/files/1/1019/2368/4726/files/hf_20260924_051729_540ce30b-758b-4269-bdbb-624933091b14.png?v=1790227719,https://cdn.shopify.com/s/files/1/1019/2368/4726/files/hf_20260924_051730_8a02a354-cac0-4d4e-ae72-6c4e8ff24547.png?v=1790227719,https://cdn.shopify.com/s/files/1/1019/2368/4726/files/hf_20260924_051730_3df08584-4a42-4c53-91c1-030e77f73dfd.png?v=1790227719,https://cdn.shopify.com/s/files/1/1019/2368/4726/files/hf_20260924_051729_9b6915db-5580-4488-a53a-bf38e3e8f85e.png?v=1790227720,https://cdn.shopify.com/s/files/1/1019/2368/4726/files/hf_20260924_051729_20436ae4-c280-4129-87a3-93a7cdfdad83.png?v=1790227720,https://cdn.shopify.com/s/files/1/1019/2368/4726/files/hf_20260924_052340_9ec6f918-1ca5-49eb-a488-7631c4ca8c13.png?v=1790227719,https://cdn.shopify.com/s/files/1/1019/2368/4726/files/hf_20260924_052340_bb4a97d8-2321-4987-b44b-7a8f57a8ca6c.png?v=1790227720,https://cdn.shopify.com/s/files/1/1019/2368/4726/files/hf_20260924_052341_9b90c037-db4b-473a-bbf6-6be71eded2ed.png?v=1790227720,https://cdn.shopify.com/s/files/1/1019/2368/4726/files/hf_20260924_052340_3a8db6d9-2bcd-4ac2-926f-b9c105158a14.png?v=1790227720","DeskRebel","","6060147464712","Grip-Training"
"15896058921334-58799671902582","15896058921334","DeskRebel GripRing – Silikon-Handtrainer für Griffkraft - Classic + Clip · Sakura-Rosa · 5–9 kg","Griff wie Stahl – nebenbei. Der GripRing ist ein Silikon-Handtrainer für Griffkraft und Unterarme. Drücken, halten, loslassen – am Schreibtisch, beim Telefonieren oder auf der Couch. Mehrere Stärken, damit du dich steigern kannst. Warum du es willst Trainiert Griffkraft, Finger und Unterarme Weiches, griffiges Silikon mit starkem Rebound Waben-Oberfläche oder Classic – optional mit Karabiner-Clip für Tasche & Schlüssel Sechs Stärken von ca. 5 bis 32 kg Technische Daten Material Silikon Widerstand je nach Variante ca. 5–32 kg Varianten Waben, Classic, Classic + Clip Einsatz Griffkraft, Finger, Unterarme Lieferumfang 1 × GripRing (bei „+ Clip“ inkl. Karabiner-Clip) Sportartikel, kein Medizinprodukt. Vor Gebrauch auf Beschädigungen prüfen, Belastung langsam steigern und bei Beschwerden ärztlichen Rat einholen.","in stock","new","27.99 EUR","https://www.deskrebel.store/products/gripring-silikon-handtrainer?variant=58799671902582","https://cdn.shopify.com/s/files/1/1019/2368/4726/files/O1CN015HVBRf2N0ib5S6ZkY__2218021289901-0-cib.jpg?v=1790133769","https://cdn.shopify.com/s/files/1/1019/2368/4726/files/hf_20260924_045412_69016d12-0709-4c1d-aa8b-c8cae7ba4745.png?v=1790227719,https://cdn.shopify.com/s/files/1/1019/2368/4726/files/hf_20260924_051729_540ce30b-758b-4269-bdbb-624933091b14.png?v=1790227719,https://cdn.shopify.com/s/files/1/1019/2368/4726/files/hf_20260924_051730_8a02a354-cac0-4d4e-ae72-6c4e8ff24547.png?v=1790227719,https://cdn.shopify.com/s/files/1/1019/2368/4726/files/hf_20260924_051730_3df08584-4a42-4c53-91c1-030e77f73dfd.png?v=1790227719,https://cdn.shopify.com/s/files/1/1019/2368/4726/files/hf_20260924_051729_9b6915db-5580-4488-a53a-bf38e3e8f85e.png?v=1790227720,https://cdn.shopify.com/s/files/1/1019/2368/4726/files/hf_20260924_051729_20436ae4-c280-4129-87a3-93a7cdfdad83.png?v=1790227720,https://cdn.shopify.com/s/files/1/1019/2368/4726/files/hf_20260924_052340_9ec6f918-1ca5-49eb-a488-7631c4ca8c13.png?v=1790227719,https://cdn.shopify.com/s/files/1/1019/2368/4726/files/hf_20260924_052340_bb4a97d8-2321-4987-b44b-7a8f57a8ca6c.png?v=1790227720,https://cdn.shopify.com/s/files/1/1019/2368/4726/files/hf_20260924_052341_9b90c037-db4b-473a-bbf6-6be71eded2ed.png?v=1790227720,https://cdn.shopify.com/s/files/1/1019/2368/4726/files/hf_20260924_052340_3a8db6d9-2bcd-4ac2-926f-b9c105158a14.png?v=1790227720","DeskRebel","","6285685887874","Grip-Training"
"15896058921334-58799671935350","15896058921334","DeskRebel GripRing – Silikon-Handtrainer für Griffkraft - Classic + Clip · Limettengrün · 9–14 kg","Griff wie Stahl – nebenbei. Der GripRing ist ein Silikon-Handtrainer für Griffkraft und Unterarme. Drücken, halten, loslassen – am Schreibtisch, beim Telefonieren oder auf der Couch. Mehrere Stärken, damit du dich steigern kannst. Warum du es willst Trainiert Griffkraft, Finger und Unterarme Weiches, griffiges Silikon mit starkem Rebound Waben-Oberfläche oder Classic – optional mit Karabiner-Clip für Tasche & Schlüssel Sechs Stärken von ca. 5 bis 32 kg Technische Daten Material Silikon Widerstand je nach Variante ca. 5–32 kg Varianten Waben, Classic, Classic + Clip Einsatz Griffkraft, Finger, Unterarme Lieferumfang 1 × GripRing (bei „+ Clip“ inkl. Karabiner-Clip) Sportartikel, kein Medizinprodukt. Vor Gebrauch auf Beschädigungen prüfen, Belastung langsam steigern und bei Beschwerden ärztlichen Rat einholen.","in stock","new","27.99 EUR","https://www.deskrebel.store/products/gripring-silikon-handtrainer?variant=58799671935350","https://cdn.shopify.com/s/files/1/1019/2368/4726/files/O1CN01xnnk2H2N0ib4ABkLn__2218021289901-0-cib.jpg?v=1790133769","https://cdn.shopify.com/s/files/1/1019/2368/4726/files/hf_20260924_045412_69016d12-0709-4c1d-aa8b-c8cae7ba4745.png?v=1790227719,https://cdn.shopify.com/s/files/1/1019/2368/4726/files/hf_20260924_051729_540ce30b-758b-4269-bdbb-624933091b14.png?v=1790227719,https://cdn.shopify.com/s/files/1/1019/2368/4726/files/hf_20260924_051730_8a02a354-cac0-4d4e-ae72-6c4e8ff24547.png?v=1790227719,https://cdn.shopify.com/s/files/1/1019/2368/4726/files/hf_20260924_051730_3df08584-4a42-4c53-91c1-030e77f73dfd.png?v=1790227719,https://cdn.shopify.com/s/files/1/1019/2368/4726/files/hf_20260924_051729_9b6915db-5580-4488-a53a-bf38e3e8f85e.png?v=1790227720,https://cdn.shopify.com/s/files/1/1019/2368/4726/files/hf_20260924_051729_20436ae4-c280-4129-87a3-93a7cdfdad83.png?v=1790227720,https://cdn.shopify.com/s/files/1/1019/2368/4726/files/hf_20260924_052340_9ec6f918-1ca5-49eb-a488-7631c4ca8c13.png?v=1790227719,https://cdn.shopify.com/s/files/1/1019/2368/4726/files/hf_20260924_052340_bb4a97d8-2321-4987-b44b-7a8f57a8ca6c.png?v=1790227720,https://cdn.shopify.com/s/files/1/1019/2368/4726/files/hf_20260924_052341_9b90c037-db4b-473a-bbf6-6be71eded2ed.png?v=1790227720,https://cdn.shopify.com/s/files/1/1019/2368/4726/files/hf_20260924_052340_3a8db6d9-2bcd-4ac2-926f-b9c105158a14.png?v=1790227720","DeskRebel","","6285685887875","Grip-Training"
"15896058921334-58799671968118","15896058921334","DeskRebel GripRing – Silikon-Handtrainer für Griffkraft - Classic + Clip · Himmelblau · 14–18 kg","Griff wie Stahl – nebenbei. Der GripRing ist ein Silikon-Handtrainer für Griffkraft und Unterarme. Drücken, halten, loslassen – am Schreibtisch, beim Telefonieren oder auf der Couch. Mehrere Stärken, damit du dich steigern kannst. Warum du es willst Trainiert Griffkraft, Finger und Unterarme Weiches, griffiges Silikon mit starkem Rebound Waben-Oberfläche oder Classic – optional mit Karabiner-Clip für Tasche & Schlüssel Sechs Stärken von ca. 5 bis 32 kg Technische Daten Material Silikon Widerstand je nach Variante ca. 5–32 kg Varianten Waben, Classic, Classic + Clip Einsatz Griffkraft, Finger, Unterarme Lieferumfang 1 × GripRing (bei „+ Clip“ inkl. Karabiner-Clip) Sportartikel, kein Medizinprodukt. Vor Gebrauch auf Beschädigungen prüfen, Belastung langsam steigern und bei Beschwerden ärztlichen Rat einholen.","in stock","new","27.99 EUR","https://www.deskrebel.store/products/gripring-silikon-handtrainer?variant=58799671968118","https://cdn.shopify.com/s/files/1/1019/2368/4726/files/O1CN01R0EeND2N0ib43wyPK__2218021289901-0-cib.jpg?v=1790133770","https://cdn.shopify.com/s/files/1/1019/2368/4726/files/hf_20260924_045412_69016d12-0709-4c1d-aa8b-c8cae7ba4745.png?v=1790227719,https://cdn.shopify.com/s/files/1/1019/2368/4726/files/hf_20260924_051729_540ce30b-758b-4269-bdbb-624933091b14.png?v=1790227719,https://cdn.shopify.com/s/files/1/1019/2368/4726/files/hf_20260924_051730_8a02a354-cac0-4d4e-ae72-6c4e8ff24547.png?v=1790227719,https://cdn.shopify.com/s/files/1/1019/2368/4726/files/hf_20260924_051730_3df08584-4a42-4c53-91c1-030e77f73dfd.png?v=1790227719,https://cdn.shopify.com/s/files/1/1019/2368/4726/files/hf_20260924_051729_9b6915db-5580-4488-a53a-bf38e3e8f85e.png?v=1790227720,https://cdn.shopify.com/s/files/1/1019/2368/4726/files/hf_20260924_051729_20436ae4-c280-4129-87a3-93a7cdfdad83.png?v=1790227720,https://cdn.shopify.com/s/files/1/1019/2368/4726/files/hf_20260924_052340_9ec6f918-1ca5-49eb-a488-7631c4ca8c13.png?v=1790227719,https://cdn.shopify.com/s/files/1/1019/2368/4726/files/hf_20260924_052340_bb4a97d8-2321-4987-b44b-7a8f57a8ca6c.png?v=1790227720,https://cdn.shopify.com/s/files/1/1019/2368/4726/files/hf_20260924_052341_9b90c037-db4b-473a-bbf6-6be71eded2ed.png?v=1790227720,https://cdn.shopify.com/s/files/1/1019/2368/4726/files/hf_20260924_052340_3a8db6d9-2bcd-4ac2-926f-b9c105158a14.png?v=1790227720","DeskRebel","","6285685887876","Grip-Training"
"15896058921334-58799672000886","15896058921334","DeskRebel GripRing – Silikon-Handtrainer für Griffkraft - Classic + Clip · Seeblau · 18–23 kg","Griff wie Stahl – nebenbei. Der GripRing ist ein Silikon-Handtrainer für Griffkraft und Unterarme. Drücken, halten, loslassen – am Schreibtisch, beim Telefonieren oder auf der Couch. Mehrere Stärken, damit du dich steigern kannst. Warum du es willst Trainiert Griffkraft, Finger und Unterarme Weiches, griffiges Silikon mit starkem Rebound Waben-Oberfläche oder Classic – optional mit Karabiner-Clip für Tasche & Schlüssel Sechs Stärken von ca. 5 bis 32 kg Technische Daten Material Silikon Widerstand je nach Variante ca. 5–32 kg Varianten Waben, Classic, Classic + Clip Einsatz Griffkraft, Finger, Unterarme Lieferumfang 1 × GripRing (bei „+ Clip“ inkl. Karabiner-Clip) Sportartikel, kein Medizinprodukt. Vor Gebrauch auf Beschädigungen prüfen, Belastung langsam steigern und bei Beschwerden ärztlichen Rat einholen.","in stock","new","27.99 EUR","https://www.deskrebel.store/products/gripring-silikon-handtrainer?variant=58799672000886","https://cdn.shopify.com/s/files/1/1019/2368/4726/files/O1CN01nehymM2N0ib3iUgFX__2218021289901-0-cib.jpg?v=1790133771","https://cdn.shopify.com/s/files/1/1019/2368/4726/files/hf_20260924_045412_69016d12-0709-4c1d-aa8b-c8cae7ba4745.png?v=1790227719,https://cdn.shopify.com/s/files/1/1019/2368/4726/files/hf_20260924_051729_540ce30b-758b-4269-bdbb-624933091b14.png?v=1790227719,https://cdn.shopify.com/s/files/1/1019/2368/4726/files/hf_20260924_051730_8a02a354-cac0-4d4e-ae72-6c4e8ff24547.png?v=1790227719,https://cdn.shopify.com/s/files/1/1019/2368/4726/files/hf_20260924_051730_3df08584-4a42-4c53-91c1-030e77f73dfd.png?v=1790227719,https://cdn.shopify.com/s/files/1/1019/2368/4726/files/hf_20260924_051729_9b6915db-5580-4488-a53a-bf38e3e8f85e.png?v=1790227720,https://cdn.shopify.com/s/files/1/1019/2368/4726/files/hf_20260924_051729_20436ae4-c280-4129-87a3-93a7cdfdad83.png?v=1790227720,https://cdn.shopify.com/s/files/1/1019/2368/4726/files/hf_20260924_052340_9ec6f918-1ca5-49eb-a488-7631c4ca8c13.png?v=1790227719,https://cdn.shopify.com/s/files/1/1019/2368/4726/files/hf_20260924_052340_bb4a97d8-2321-4987-b44b-7a8f57a8ca6c.png?v=1790227720,https://cdn.shopify.com/s/files/1/1019/2368/4726/files/hf_20260924_052341_9b90c037-db4b-473a-bbf6-6be71eded2ed.png?v=1790227720,https://cdn.shopify.com/s/files/1/1019/2368/4726/files/hf_20260924_052340_3a8db6d9-2bcd-4ac2-926f-b9c105158a14.png?v=1790227720","DeskRebel","","6285685887877","Grip-Training"
"15896058921334-58799672033654","15896058921334","DeskRebel GripRing – Silikon-Handtrainer für Griffkraft - Classic + Clip · Lila · 23–27 kg","Griff wie Stahl – nebenbei. Der GripRing ist ein Silikon-Handtrainer für Griffkraft und Unterarme. Drücken, halten, loslassen – am Schreibtisch, beim Telefonieren oder auf der Couch. Mehrere Stärken, damit du dich steigern kannst. Warum du es willst Trainiert Griffkraft, Finger und Unterarme Weiches, griffiges Silikon mit starkem Rebound Waben-Oberfläche oder Classic – optional mit Karabiner-Clip für Tasche & Schlüssel Sechs Stärken von ca. 5 bis 32 kg Technische Daten Material Silikon Widerstand je nach Variante ca. 5–32 kg Varianten Waben, Classic, Classic + Clip Einsatz Griffkraft, Finger, Unterarme Lieferumfang 1 × GripRing (bei „+ Clip“ inkl. Karabiner-Clip) Sportartikel, kein Medizinprodukt. Vor Gebrauch auf Beschädigungen prüfen, Belastung langsam steigern und bei Beschwerden ärztlichen Rat einholen.","in stock","new","27.99 EUR","https://www.deskrebel.store/products/gripring-silikon-handtrainer?variant=58799672033654","https://cdn.shopify.com/s/files/1/1019/2368/4726/files/O1CN011zB5Ad2N0ib3wJAbV__2218021289901-0-cib.jpg?v=1790133771","https://cdn.shopify.com/s/files/1/1019/2368/4726/files/hf_20260924_045412_69016d12-0709-4c1d-aa8b-c8cae7ba4745.png?v=1790227719,https://cdn.shopify.com/s/files/1/1019/2368/4726/files/hf_20260924_051729_540ce30b-758b-4269-bdbb-624933091b14.png?v=1790227719,https://cdn.shopify.com/s/files/1/1019/2368/4726/files/hf_20260924_051730_8a02a354-cac0-4d4e-ae72-6c4e8ff24547.png?v=1790227719,https://cdn.shopify.com/s/files/1/1019/2368/4726/files/hf_20260924_051730_3df08584-4a42-4c53-91c1-030e77f73dfd.png?v=1790227719,https://cdn.shopify.com/s/files/1/1019/2368/4726/files/hf_20260924_051729_9b6915db-5580-4488-a53a-bf38e3e8f85e.png?v=1790227720,https://cdn.shopify.com/s/files/1/1019/2368/4726/files/hf_20260924_051729_20436ae4-c280-4129-87a3-93a7cdfdad83.png?v=1790227720,https://cdn.shopify.com/s/files/1/1019/2368/4726/files/hf_20260924_052340_9ec6f918-1ca5-49eb-a488-7631c4ca8c13.png?v=1790227719,https://cdn.shopify.com/s/files/1/1019/2368/4726/files/hf_20260924_052340_bb4a97d8-2321-4987-b44b-7a8f57a8ca6c.png?v=1790227720,https://cdn.shopify.com/s/files/1/1019/2368/4726/files/hf_20260924_052341_9b90c037-db4b-473a-bbf6-6be71eded2ed.png?v=1790227720,https://cdn.shopify.com/s/files/1/1019/2368/4726/files/hf_20260924_052340_3a8db6d9-2bcd-4ac2-926f-b9c105158a14.png?v=1790227720","DeskRebel","","6285685887878","Grip-Training"
"15896058921334-58799672066422","15896058921334","DeskRebel GripRing – Silikon-Handtrainer für Griffkraft - Classic + Clip · Schwarz · 23–27 kg","Griff wie Stahl – nebenbei. Der GripRing ist ein Silikon-Handtrainer für Griffkraft und Unterarme. Drücken, halten, loslassen – am Schreibtisch, beim Telefonieren oder auf der Couch. Mehrere Stärken, damit du dich steigern kannst. Warum du es willst Trainiert Griffkraft, Finger und Unterarme Weiches, griffiges Silikon mit starkem Rebound Waben-Oberfläche oder Classic – optional mit Karabiner-Clip für Tasche & Schlüssel Sechs Stärken von ca. 5 bis 32 kg Technische Daten Material Silikon Widerstand je nach Variante ca. 5–32 kg Varianten Waben, Classic, Classic + Clip Einsatz Griffkraft, Finger, Unterarme Lieferumfang 1 × GripRing (bei „+ Clip“ inkl. Karabiner-Clip) Sportartikel, kein Medizinprodukt. Vor Gebrauch auf Beschädigungen prüfen, Belastung langsam steigern und bei Beschwerden ärztlichen Rat einholen.","in stock","new","27.99 EUR","https://www.deskrebel.store/products/gripring-silikon-handtrainer?variant=58799672066422","https://cdn.shopify.com/s/files/1/1019/2368/4726/files/O1CN01UMrtPa2N0ib3fTk1B__2218021289901-0-cib.jpg?v=1790133772","https://cdn.shopify.com/s/files/1/1019/2368/4726/files/hf_20260924_045412_69016d12-0709-4c1d-aa8b-c8cae7ba4745.png?v=1790227719,https://cdn.shopify.com/s/files/1/1019/2368/4726/files/hf_20260924_051729_540ce30b-758b-4269-bdbb-624933091b14.png?v=1790227719,https://cdn.shopify.com/s/files/1/1019/2368/4726/files/hf_20260924_051730_8a02a354-cac0-4d4e-ae72-6c4e8ff24547.png?v=1790227719,https://cdn.shopify.com/s/files/1/1019/2368/4726/files/hf_20260924_051730_3df08584-4a42-4c53-91c1-030e77f73dfd.png?v=1790227719,https://cdn.shopify.com/s/files/1/1019/2368/4726/files/hf_20260924_051729_9b6915db-5580-4488-a53a-bf38e3e8f85e.png?v=1790227720,https://cdn.shopify.com/s/files/1/1019/2368/4726/files/hf_20260924_051729_20436ae4-c280-4129-87a3-93a7cdfdad83.png?v=1790227720,https://cdn.shopify.com/s/files/1/1019/2368/4726/files/hf_20260924_052340_9ec6f918-1ca5-49eb-a488-7631c4ca8c13.png?v=1790227719,https://cdn.shopify.com/s/files/1/1019/2368/4726/files/hf_20260924_052340_bb4a97d8-2321-4987-b44b-7a8f57a8ca6c.png?v=1790227720,https://cdn.shopify.com/s/files/1/1019/2368/4726/files/hf_20260924_052341_9b90c037-db4b-473a-bbf6-6be71eded2ed.png?v=1790227720,https://cdn.shopify.com/s/files/1/1019/2368/4726/files/hf_20260924_052340_3a8db6d9-2bcd-4ac2-926f-b9c105158a14.png?v=1790227720","DeskRebel","","6285685887879","Grip-Training"
"15896052269430-58799639036278","15896052269430","DeskRebel FlexLoop – Breites Widerstandsband für Beine & Po - Grün · leicht (ca. 27 kg)","Glutes on fire. Das FlexLoop ist ein breites, gestreiftes Widerstandsband für Beine, Po und Hüfte. Die breite Form liegt flach auf der Haut, rollt nicht ein und bleibt bei Squats, Kickbacks und Side Walks an Ort und Stelle. Warum du es willst Breite Form – rollt nicht ein und rutscht nicht Drei Stärken einzeln oder als 3er-Set für echte Progression Für Squats, Hip Thrusts, Kickbacks, Side Walks & Warm-ups Kompakt – passt in jede Tasche Technische Daten Maße ca. 76 × 8 cm Gewicht ca. 90 g Widerstand ca. 27 / 41 / 54 kg Einsatz Beine, Po, Hüfte, Warm-up Lieferumfang 1 × FlexLoop in der gewählten Stärke bzw. 3 Bänder beim Set Sportartikel, kein Medizinprodukt. Vor Gebrauch auf Beschädigungen prüfen, Belastung langsam steigern und bei Beschwerden ärztlichen Rat einholen.","in stock","new","26.99 EUR","https://www.deskrebel.store/products/flexloop-breites-widerstandsband?variant=58799639036278","https://cdn.shopify.com/s/files/1/1019/2368/4726/files/hf_20260924_051449_19752da0-d3f6-4105-910f-7134bbd2f7ed.png?v=1790227460","https://cdn.shopify.com/s/files/1/1019/2368/4726/files/hf_20260924_051729_f40c0174-8ae4-4911-a642-2b36fe014dfa.png?v=1790227461,https://cdn.shopify.com/s/files/1/1019/2368/4726/files/hf_20260924_050630_6ff2e745-efd1-487a-a079-a9d6308cafa1.png?v=1790227461,https://cdn.shopify.com/s/files/1/1019/2368/4726/files/hf_20260924_051449_d9e0b5b5-0ff9-4842-bf25-f8204ebd4863.png?v=1790227460,https://cdn.shopify.com/s/files/1/1019/2368/4726/files/hf_20260924_051449_3684c45c-1098-456e-839d-2161e2c5283c.png?v=1790227460,https://cdn.shopify.com/s/files/1/1019/2368/4726/files/hf_20260924_051729_11e25eb7-7ce1-4f78-9975-a84e2dbe10ea.png?v=1790227461,https://cdn.shopify.com/s/files/1/1019/2368/4726/files/hf_20260924_051449_a57eff9c-7960-46f1-9c05-92c56a7495a3.png?v=1790227460,https://cdn.shopify.com/s/files/1/1019/2368/4726/files/hf_20260924_051449_58ceb74e-77d7-49fb-9273-a847d03dd17b.png?v=1790227460,https://cdn.shopify.com/s/files/1/1019/2368/4726/files/hf_20260924_051449_374ed4ce-a421-4d41-af30-82eb7b8a924a.png?v=1790227460,https://cdn.shopify.com/s/files/1/1019/2368/4726/files/hf_20260924_051729_0bceb0b6-348e-4e65-ab8b-8709aaeed470.png?v=1790227461,https://cdn.shopify.com/s/files/1/1019/2368/4726/files/O1CN01uZzYCj1QQJLtbrFNd__2220904481970-0-cib.jpg?v=1790133489","DeskRebel","","6114412245713","Widerstandsbänder"
"15896052269430-58799639069046","15896052269430","DeskRebel FlexLoop – Breites Widerstandsband für Beine & Po - Pink · mittel (ca. 41 kg)","Glutes on fire. Das FlexLoop ist ein breites, gestreiftes Widerstandsband für Beine, Po und Hüfte. Die breite Form liegt flach auf der Haut, rollt nicht ein und bleibt bei Squats, Kickbacks und Side Walks an Ort und Stelle. Warum du es willst Breite Form – rollt nicht ein und rutscht nicht Drei Stärken einzeln oder als 3er-Set für echte Progression Für Squats, Hip Thrusts, Kickbacks, Side Walks & Warm-ups Kompakt – passt in jede Tasche Technische Daten Maße ca. 76 × 8 cm Gewicht ca. 90 g Widerstand ca. 27 / 41 / 54 kg Einsatz Beine, Po, Hüfte, Warm-up Lieferumfang 1 × FlexLoop in der gewählten Stärke bzw. 3 Bänder beim Set Sportartikel, kein Medizinprodukt. Vor Gebrauch auf Beschädigungen prüfen, Belastung langsam steigern und bei Beschwerden ärztlichen Rat einholen.","in stock","new","26.99 EUR","https://www.deskrebel.store/products/flexloop-breites-widerstandsband?variant=58799639069046","https://cdn.shopify.com/s/files/1/1019/2368/4726/files/hf_20260924_051449_a57eff9c-7960-46f1-9c05-92c56a7495a3.png?v=1790227460","https://cdn.shopify.com/s/files/1/1019/2368/4726/files/hf_20260924_051729_f40c0174-8ae4-4911-a642-2b36fe014dfa.png?v=1790227461,https://cdn.shopify.com/s/files/1/1019/2368/4726/files/hf_20260924_050630_6ff2e745-efd1-487a-a079-a9d6308cafa1.png?v=1790227461,https://cdn.shopify.com/s/files/1/1019/2368/4726/files/hf_20260924_051449_d9e0b5b5-0ff9-4842-bf25-f8204ebd4863.png?v=1790227460,https://cdn.shopify.com/s/files/1/1019/2368/4726/files/hf_20260924_051449_3684c45c-1098-456e-839d-2161e2c5283c.png?v=1790227460,https://cdn.shopify.com/s/files/1/1019/2368/4726/files/hf_20260924_051729_11e25eb7-7ce1-4f78-9975-a84e2dbe10ea.png?v=1790227461,https://cdn.shopify.com/s/files/1/1019/2368/4726/files/hf_20260924_051449_19752da0-d3f6-4105-910f-7134bbd2f7ed.png?v=1790227460,https://cdn.shopify.com/s/files/1/1019/2368/4726/files/hf_20260924_051449_58ceb74e-77d7-49fb-9273-a847d03dd17b.png?v=1790227460,https://cdn.shopify.com/s/files/1/1019/2368/4726/files/hf_20260924_051449_374ed4ce-a421-4d41-af30-82eb7b8a924a.png?v=1790227460,https://cdn.shopify.com/s/files/1/1019/2368/4726/files/hf_20260924_051729_0bceb0b6-348e-4e65-ab8b-8709aaeed470.png?v=1790227461,https://cdn.shopify.com/s/files/1/1019/2368/4726/files/O1CN01uZzYCj1QQJLtbrFNd__2220904481970-0-cib.jpg?v=1790133489","DeskRebel","","6114412245718","Widerstandsbänder"
"15896052269430-58799639101814","15896052269430","DeskRebel FlexLoop – Breites Widerstandsband für Beine & Po - Lila · stark (ca. 54 kg)","Glutes on fire. Das FlexLoop ist ein breites, gestreiftes Widerstandsband für Beine, Po und Hüfte. Die breite Form liegt flach auf der Haut, rollt nicht ein und bleibt bei Squats, Kickbacks und Side Walks an Ort und Stelle. Warum du es willst Breite Form – rollt nicht ein und rutscht nicht Drei Stärken einzeln oder als 3er-Set für echte Progression Für Squats, Hip Thrusts, Kickbacks, Side Walks & Warm-ups Kompakt – passt in jede Tasche Technische Daten Maße ca. 76 × 8 cm Gewicht ca. 90 g Widerstand ca. 27 / 41 / 54 kg Einsatz Beine, Po, Hüfte, Warm-up Lieferumfang 1 × FlexLoop in der gewählten Stärke bzw. 3 Bänder beim Set Sportartikel, kein Medizinprodukt. Vor Gebrauch auf Beschädigungen prüfen, Belastung langsam steigern und bei Beschwerden ärztlichen Rat einholen.","in stock","new","27.99 EUR","https://www.deskrebel.store/products/flexloop-breites-widerstandsband?variant=58799639101814","https://cdn.shopify.com/s/files/1/1019/2368/4726/files/hf_20260924_051449_58ceb74e-77d7-49fb-9273-a847d03dd17b.png?v=1790227460","https://cdn.shopify.com/s/files/1/1019/2368/4726/files/hf_20260924_051729_f40c0174-8ae4-4911-a642-2b36fe014dfa.png?v=1790227461,https://cdn.shopify.com/s/files/1/1019/2368/4726/files/hf_20260924_050630_6ff2e745-efd1-487a-a079-a9d6308cafa1.png?v=1790227461,https://cdn.shopify.com/s/files/1/1019/2368/4726/files/hf_20260924_051449_d9e0b5b5-0ff9-4842-bf25-f8204ebd4863.png?v=1790227460,https://cdn.shopify.com/s/files/1/1019/2368/4726/files/hf_20260924_051449_3684c45c-1098-456e-839d-2161e2c5283c.png?v=1790227460,https://cdn.shopify.com/s/files/1/1019/2368/4726/files/hf_20260924_051729_11e25eb7-7ce1-4f78-9975-a84e2dbe10ea.png?v=1790227461,https://cdn.shopify.com/s/files/1/1019/2368/4726/files/hf_20260924_051449_19752da0-d3f6-4105-910f-7134bbd2f7ed.png?v=1790227460,https://cdn.shopify.com/s/files/1/1019/2368/4726/files/hf_20260924_051449_a57eff9c-7960-46f1-9c05-92c56a7495a3.png?v=1790227460,https://cdn.shopify.com/s/files/1/1019/2368/4726/files/hf_20260924_051449_374ed4ce-a421-4d41-af30-82eb7b8a924a.png?v=1790227460,https://cdn.shopify.com/s/files/1/1019/2368/4726/files/hf_20260924_051729_0bceb0b6-348e-4e65-ab8b-8709aaeed470.png?v=1790227461,https://cdn.shopify.com/s/files/1/1019/2368/4726/files/O1CN01uZzYCj1QQJLtbrFNd__2220904481970-0-cib.jpg?v=1790133489","DeskRebel","","6114412245717","Widerstandsbänder"
"15896052269430-58799639134582","15896052269430","DeskRebel FlexLoop – Breites Widerstandsband für Beine & Po - 3er-Set Grau/Schwarz","Glutes on fire. Das FlexLoop ist ein breites, gestreiftes Widerstandsband für Beine, Po und Hüfte. Die breite Form liegt flach auf der Haut, rollt nicht ein und bleibt bei Squats, Kickbacks und Side Walks an Ort und Stelle. Warum du es willst Breite Form – rollt nicht ein und rutscht nicht Drei Stärken einzeln oder als 3er-Set für echte Progression Für Squats, Hip Thrusts, Kickbacks, Side Walks & Warm-ups Kompakt – passt in jede Tasche Technische Daten Maße ca. 76 × 8 cm Gewicht ca. 90 g Widerstand ca. 27 / 41 / 54 kg Einsatz Beine, Po, Hüfte, Warm-up Lieferumfang 1 × FlexLoop in der gewählten Stärke bzw. 3 Bänder beim Set Sportartikel, kein Medizinprodukt. Vor Gebrauch auf Beschädigungen prüfen, Belastung langsam steigern und bei Beschwerden ärztlichen Rat einholen.","in stock","new","28.99 EUR","https://www.deskrebel.store/products/flexloop-breites-widerstandsband?variant=58799639134582","https://cdn.shopify.com/s/files/1/1019/2368/4726/files/hf_20260924_051449_374ed4ce-a421-4d41-af30-82eb7b8a924a.png?v=1790227460","https://cdn.shopify.com/s/files/1/1019/2368/4726/files/hf_20260924_051729_f40c0174-8ae4-4911-a642-2b36fe014dfa.png?v=1790227461,https://cdn.shopify.com/s/files/1/1019/2368/4726/files/hf_20260924_050630_6ff2e745-efd1-487a-a079-a9d6308cafa1.png?v=1790227461,https://cdn.shopify.com/s/files/1/1019/2368/4726/files/hf_20260924_051449_d9e0b5b5-0ff9-4842-bf25-f8204ebd4863.png?v=1790227460,https://cdn.shopify.com/s/files/1/1019/2368/4726/files/hf_20260924_051449_3684c45c-1098-456e-839d-2161e2c5283c.png?v=1790227460,https://cdn.shopify.com/s/files/1/1019/2368/4726/files/hf_20260924_051729_11e25eb7-7ce1-4f78-9975-a84e2dbe10ea.png?v=1790227461,https://cdn.shopify.com/s/files/1/1019/2368/4726/files/hf_20260924_051449_19752da0-d3f6-4105-910f-7134bbd2f7ed.png?v=1790227460,https://cdn.shopify.com/s/files/1/1019/2368/4726/files/hf_20260924_051449_a57eff9c-7960-46f1-9c05-92c56a7495a3.png?v=1790227460,https://cdn.shopify.com/s/files/1/1019/2368/4726/files/hf_20260924_051449_58ceb74e-77d7-49fb-9273-a847d03dd17b.png?v=1790227460,https://cdn.shopify.com/s/files/1/1019/2368/4726/files/hf_20260924_051729_0bceb0b6-348e-4e65-ab8b-8709aaeed470.png?v=1790227461,https://cdn.shopify.com/s/files/1/1019/2368/4726/files/O1CN01uZzYCj1QQJLtbrFNd__2220904481970-0-cib.jpg?v=1790133489","DeskRebel","","6130573910893","Widerstandsbänder"
"15896052269430-58799639167350","15896052269430","DeskRebel FlexLoop – Breites Widerstandsband für Beine & Po - 3er-Set Grün/Pink/Lila","Glutes on fire. Das FlexLoop ist ein breites, gestreiftes Widerstandsband für Beine, Po und Hüfte. Die breite Form liegt flach auf der Haut, rollt nicht ein und bleibt bei Squats, Kickbacks und Side Walks an Ort und Stelle. Warum du es willst Breite Form – rollt nicht ein und rutscht nicht Drei Stärken einzeln oder als 3er-Set für echte Progression Für Squats, Hip Thrusts, Kickbacks, Side Walks & Warm-ups Kompakt – passt in jede Tasche Technische Daten Maße ca. 76 × 8 cm Gewicht ca. 90 g Widerstand ca. 27 / 41 / 54 kg Einsatz Beine, Po, Hüfte, Warm-up Lieferumfang 1 × FlexLoop in der gewählten Stärke bzw. 3 Bänder beim Set Sportartikel, kein Medizinprodukt. Vor Gebrauch auf Beschädigungen prüfen, Belastung langsam steigern und bei Beschwerden ärztlichen Rat einholen.","in stock","new","28.99 EUR","https://www.deskrebel.store/products/flexloop-breites-widerstandsband?variant=58799639167350","https://cdn.shopify.com/s/files/1/1019/2368/4726/files/hf_20260924_051729_0bceb0b6-348e-4e65-ab8b-8709aaeed470.png?v=1790227461","https://cdn.shopify.com/s/files/1/1019/2368/4726/files/hf_20260924_051729_f40c0174-8ae4-4911-a642-2b36fe014dfa.png?v=1790227461,https://cdn.shopify.com/s/files/1/1019/2368/4726/files/hf_20260924_050630_6ff2e745-efd1-487a-a079-a9d6308cafa1.png?v=1790227461,https://cdn.shopify.com/s/files/1/1019/2368/4726/files/hf_20260924_051449_d9e0b5b5-0ff9-4842-bf25-f8204ebd4863.png?v=1790227460,https://cdn.shopify.com/s/files/1/1019/2368/4726/files/hf_20260924_051449_3684c45c-1098-456e-839d-2161e2c5283c.png?v=1790227460,https://cdn.shopify.com/s/files/1/1019/2368/4726/files/hf_20260924_051729_11e25eb7-7ce1-4f78-9975-a84e2dbe10ea.png?v=1790227461,https://cdn.shopify.com/s/files/1/1019/2368/4726/files/hf_20260924_051449_19752da0-d3f6-4105-910f-7134bbd2f7ed.png?v=1790227460,https://cdn.shopify.com/s/files/1/1019/2368/4726/files/hf_20260924_051449_a57eff9c-7960-46f1-9c05-92c56a7495a3.png?v=1790227460,https://cdn.shopify.com/s/files/1/1019/2368/4726/files/hf_20260924_051449_58ceb74e-77d7-49fb-9273-a847d03dd17b.png?v=1790227460,https://cdn.shopify.com/s/files/1/1019/2368/4726/files/hf_20260924_051449_374ed4ce-a421-4d41-af30-82eb7b8a924a.png?v=1790227460,https://cdn.shopify.com/s/files/1/1019/2368/4726/files/O1CN01uZzYCj1QQJLtbrFNd__2220904481970-0-cib.jpg?v=1790133489","DeskRebel","","6113662088365","Widerstandsbänder"
"15896052269430-58799639298422","15896052269430","DeskRebel FlexLoop – Breites Widerstandsband für Beine & Po - Hellgrau · leicht (ca. 27 kg)","Glutes on fire. Das FlexLoop ist ein breites, gestreiftes Widerstandsband für Beine, Po und Hüfte. Die breite Form liegt flach auf der Haut, rollt nicht ein und bleibt bei Squats, Kickbacks und Side Walks an Ort und Stelle. Warum du es willst Breite Form – rollt nicht ein und rutscht nicht Drei Stärken einzeln oder als 3er-Set für echte Progression Für Squats, Hip Thrusts, Kickbacks, Side Walks & Warm-ups Kompakt – passt in jede Tasche Technische Daten Maße ca. 76 × 8 cm Gewicht ca. 90 g Widerstand ca. 27 / 41 / 54 kg Einsatz Beine, Po, Hüfte, Warm-up Lieferumfang 1 × FlexLoop in der gewählten Stärke bzw. 3 Bänder beim Set Sportartikel, kein Medizinprodukt. Vor Gebrauch auf Beschädigungen prüfen, Belastung langsam steigern und bei Beschwerden ärztlichen Rat einholen.","in stock","new","26.99 EUR","https://www.deskrebel.store/products/flexloop-breites-widerstandsband?variant=58799639298422","https://cdn.shopify.com/s/files/1/1019/2368/4726/files/hf_20260924_051729_f40c0174-8ae4-4911-a642-2b36fe014dfa.png?v=1790227461","https://cdn.shopify.com/s/files/1/1019/2368/4726/files/hf_20260924_050630_6ff2e745-efd1-487a-a079-a9d6308cafa1.png?v=1790227461,https://cdn.shopify.com/s/files/1/1019/2368/4726/files/hf_20260924_051449_d9e0b5b5-0ff9-4842-bf25-f8204ebd4863.png?v=1790227460,https://cdn.shopify.com/s/files/1/1019/2368/4726/files/hf_20260924_051449_3684c45c-1098-456e-839d-2161e2c5283c.png?v=1790227460,https://cdn.shopify.com/s/files/1/1019/2368/4726/files/hf_20260924_051729_11e25eb7-7ce1-4f78-9975-a84e2dbe10ea.png?v=1790227461,https://cdn.shopify.com/s/files/1/1019/2368/4726/files/hf_20260924_051449_19752da0-d3f6-4105-910f-7134bbd2f7ed.png?v=1790227460,https://cdn.shopify.com/s/files/1/1019/2368/4726/files/hf_20260924_051449_a57eff9c-7960-46f1-9c05-92c56a7495a3.png?v=1790227460,https://cdn.shopify.com/s/files/1/1019/2368/4726/files/hf_20260924_051449_58ceb74e-77d7-49fb-9273-a847d03dd17b.png?v=1790227460,https://cdn.shopify.com/s/files/1/1019/2368/4726/files/hf_20260924_051449_374ed4ce-a421-4d41-af30-82eb7b8a924a.png?v=1790227460,https://cdn.shopify.com/s/files/1/1019/2368/4726/files/hf_20260924_051729_0bceb0b6-348e-4e65-ab8b-8709aaeed470.png?v=1790227461,https://cdn.shopify.com/s/files/1/1019/2368/4726/files/O1CN01uZzYCj1QQJLtbrFNd__2220904481970-0-cib.jpg?v=1790133489","DeskRebel","","6114412245716","Widerstandsbänder"
"15896052269430-58799639331190","15896052269430","DeskRebel FlexLoop – Breites Widerstandsband für Beine & Po - Dunkelgrau · mittel (ca. 41 kg)","Glutes on fire. Das FlexLoop ist ein breites, gestreiftes Widerstandsband für Beine, Po und Hüfte. Die breite Form liegt flach auf der Haut, rollt nicht ein und bleibt bei Squats, Kickbacks und Side Walks an Ort und Stelle. Warum du es willst Breite Form – rollt nicht ein und rutscht nicht Drei Stärken einzeln oder als 3er-Set für echte Progression Für Squats, Hip Thrusts, Kickbacks, Side Walks & Warm-ups Kompakt – passt in jede Tasche Technische Daten Maße ca. 76 × 8 cm Gewicht ca. 90 g Widerstand ca. 27 / 41 / 54 kg Einsatz Beine, Po, Hüfte, Warm-up Lieferumfang 1 × FlexLoop in der gewählten Stärke bzw. 3 Bänder beim Set Sportartikel, kein Medizinprodukt. Vor Gebrauch auf Beschädigungen prüfen, Belastung langsam steigern und bei Beschwerden ärztlichen Rat einholen.","in stock","new","26.99 EUR","https://www.deskrebel.store/products/flexloop-breites-widerstandsband?variant=58799639331190","https://cdn.shopify.com/s/files/1/1019/2368/4726/files/hf_20260924_051729_f40c0174-8ae4-4911-a642-2b36fe014dfa.png?v=1790227461","https://cdn.shopify.com/s/files/1/1019/2368/4726/files/hf_20260924_050630_6ff2e745-efd1-487a-a079-a9d6308cafa1.png?v=1790227461,https://cdn.shopify.com/s/files/1/1019/2368/4726/files/hf_20260924_051449_d9e0b5b5-0ff9-4842-bf25-f8204ebd4863.png?v=1790227460,https://cdn.shopify.com/s/files/1/1019/2368/4726/files/hf_20260924_051449_3684c45c-1098-456e-839d-2161e2c5283c.png?v=1790227460,https://cdn.shopify.com/s/files/1/1019/2368/4726/files/hf_20260924_051729_11e25eb7-7ce1-4f78-9975-a84e2dbe10ea.png?v=1790227461,https://cdn.shopify.com/s/files/1/1019/2368/4726/files/hf_20260924_051449_19752da0-d3f6-4105-910f-7134bbd2f7ed.png?v=1790227460,https://cdn.shopify.com/s/files/1/1019/2368/4726/files/hf_20260924_051449_a57eff9c-7960-46f1-9c05-92c56a7495a3.png?v=1790227460,https://cdn.shopify.com/s/files/1/1019/2368/4726/files/hf_20260924_051449_58ceb74e-77d7-49fb-9273-a847d03dd17b.png?v=1790227460,https://cdn.shopify.com/s/files/1/1019/2368/4726/files/hf_20260924_051449_374ed4ce-a421-4d41-af30-82eb7b8a924a.png?v=1790227460,https://cdn.shopify.com/s/files/1/1019/2368/4726/files/hf_20260924_051729_0bceb0b6-348e-4e65-ab8b-8709aaeed470.png?v=1790227461,https://cdn.shopify.com/s/files/1/1019/2368/4726/files/O1CN01uZzYCj1QQJLtbrFNd__2220904481970-0-cib.jpg?v=1790133489","DeskRebel","","6114412245715","Widerstandsbänder"
"15896052269430-58799639363958","15896052269430","DeskRebel FlexLoop – Breites Widerstandsband für Beine & Po - Schwarz · stark (ca. 54 kg)","Glutes on fire. Das FlexLoop ist ein breites, gestreiftes Widerstandsband für Beine, Po und Hüfte. Die breite Form liegt flach auf der Haut, rollt nicht ein und bleibt bei Squats, Kickbacks und Side Walks an Ort und Stelle. Warum du es willst Breite Form – rollt nicht ein und rutscht nicht Drei Stärken einzeln oder als 3er-Set für echte Progression Für Squats, Hip Thrusts, Kickbacks, Side Walks & Warm-ups Kompakt – passt in jede Tasche Technische Daten Maße ca. 76 × 8 cm Gewicht ca. 90 g Widerstand ca. 27 / 41 / 54 kg Einsatz Beine, Po, Hüfte, Warm-up Lieferumfang 1 × FlexLoop in der gewählten Stärke bzw. 3 Bänder beim Set Sportartikel, kein Medizinprodukt. Vor Gebrauch auf Beschädigungen prüfen, Belastung langsam steigern und bei Beschwerden ärztlichen Rat einholen.","in stock","new","27.99 EUR","https://www.deskrebel.store/products/flexloop-breites-widerstandsband?variant=58799639363958","https://cdn.shopify.com/s/files/1/1019/2368/4726/files/hf_20260924_051729_f40c0174-8ae4-4911-a642-2b36fe014dfa.png?v=1790227461","https://cdn.shopify.com/s/files/1/1019/2368/4726/files/hf_20260924_050630_6ff2e745-efd1-487a-a079-a9d6308cafa1.png?v=1790227461,https://cdn.shopify.com/s/files/1/1019/2368/4726/files/hf_20260924_051449_d9e0b5b5-0ff9-4842-bf25-f8204ebd4863.png?v=1790227460,https://cdn.shopify.com/s/files/1/1019/2368/4726/files/hf_20260924_051449_3684c45c-1098-456e-839d-2161e2c5283c.png?v=1790227460,https://cdn.shopify.com/s/files/1/1019/2368/4726/files/hf_20260924_051729_11e25eb7-7ce1-4f78-9975-a84e2dbe10ea.png?v=1790227461,https://cdn.shopify.com/s/files/1/1019/2368/4726/files/hf_20260924_051449_19752da0-d3f6-4105-910f-7134bbd2f7ed.png?v=1790227460,https://cdn.shopify.com/s/files/1/1019/2368/4726/files/hf_20260924_051449_a57eff9c-7960-46f1-9c05-92c56a7495a3.png?v=1790227460,https://cdn.shopify.com/s/files/1/1019/2368/4726/files/hf_20260924_051449_58ceb74e-77d7-49fb-9273-a847d03dd17b.png?v=1790227460,https://cdn.shopify.com/s/files/1/1019/2368/4726/files/hf_20260924_051449_374ed4ce-a421-4d41-af30-82eb7b8a924a.png?v=1790227460,https://cdn.shopify.com/s/files/1/1019/2368/4726/files/hf_20260924_051729_0bceb0b6-348e-4e65-ab8b-8709aaeed470.png?v=1790227461,https://cdn.shopify.com/s/files/1/1019/2368/4726/files/O1CN01uZzYCj1QQJLtbrFNd__2220904481970-0-cib.jpg?v=1790133489","DeskRebel","","6114412245714","Widerstandsbänder"
"15896049713526-58799629828470","15896049713526","DeskRebel JumpRebel – Speed-Springseil mit Kugellager - Schwarz · Standard","10 Minuten. Voller Puls. Das JumpRebel ist ein Speed-Springseil mit ummanteltem Stahlkabel und kugelgelagerten Griffen für schnelle, saubere Umdrehungen. Die Länge ist verstellbar – optional mit Zusatzgewichten in den Griffen für mehr Intensität. Warum du es willst Kugellager-Griffe für schnelle, gleichmäßige Rotation Ummanteltes Stahlkabel, bis 3 m lang und stufenlos kürzbar Wahlweise mit 160 g Zusatzgewicht für extra Oberkörper-Einsatz Ideal für HIIT, Boxtraining und Warm-ups Technische Daten Kabel ummanteltes Stahlkabel Länge bis 3 m, verstellbar Griffe kugelgelagert Option 160 g Zusatzgewicht Lieferumfang 1 × Springseil (je nach Ausführung inkl. Zusatzgewicht) Sportartikel, kein Medizinprodukt. Vor Gebrauch auf Beschädigungen prüfen, Belastung langsam steigern und bei Beschwerden ärztlichen Rat einholen.","in stock","new","26.99 EUR","https://www.deskrebel.store/products/jumprebel-speed-springseil?variant=58799629828470","https://cdn.shopify.com/s/files/1/1019/2368/4726/files/hf_20260924_050346_08c43ff2-330e-4cfd-9bfe-e6b4bac7ffed.png?v=1790227372","https://cdn.shopify.com/s/files/1/1019/2368/4726/files/hf_20260924_050346_bffe3164-1205-4fef-a497-0838b679c55d.png?v=1790227372,https://cdn.shopify.com/s/files/1/1019/2368/4726/files/hf_20260924_050346_a140fe4b-a66e-49e0-a867-68e35cb72b1b.png?v=1790227372,https://cdn.shopify.com/s/files/1/1019/2368/4726/files/hf_20260924_050346_23db5748-f5df-49bf-8b8b-3da2e490ecfc.png?v=1790227372,https://cdn.shopify.com/s/files/1/1019/2368/4726/files/hf_20260924_050346_7f5af4ae-613e-4d6c-ae29-0b558283cc75.png?v=1790227372,https://cdn.shopify.com/s/files/1/1019/2368/4726/files/hf_20260924_050346_01645775-ea07-4a58-a020-8d9ec7c0c02f.png?v=1790227372,https://cdn.shopify.com/s/files/1/1019/2368/4726/files/hf_20260924_050346_b25064b3-9121-4b0a-8708-fa2dbab9c606.png?v=1790227372,https://cdn.shopify.com/s/files/1/1019/2368/4726/files/hf_20260924_050346_5ec5e294-f4df-4bf1-b2ee-0db6f61bb413.png?v=1790227372,https://cdn.shopify.com/s/files/1/1019/2368/4726/files/hf_20260924_050631_e68cc29c-34e6-44eb-887a-bbe4bf768735.png?v=1790227373,https://cdn.shopify.com/s/files/1/1019/2368/4726/files/hf_20260924_051449_c1633890-f5c6-4afd-ba82-0ad4b08abc43.png?v=1790227372,https://cdn.shopify.com/s/files/1/1019/2368/4726/files/hf_20260924_050630_a878347d-4a57-48af-a922-7f5ab9ce4a88.png?v=1790227372","DeskRebel","","5944197443371","Springseile"
"15896049713526-58799629861238","15896049713526","DeskRebel JumpRebel – Speed-Springseil mit Kugellager - Rot · Standard","10 Minuten. Voller Puls. Das JumpRebel ist ein Speed-Springseil mit ummanteltem Stahlkabel und kugelgelagerten Griffen für schnelle, saubere Umdrehungen. Die Länge ist verstellbar – optional mit Zusatzgewichten in den Griffen für mehr Intensität. Warum du es willst Kugellager-Griffe für schnelle, gleichmäßige Rotation Ummanteltes Stahlkabel, bis 3 m lang und stufenlos kürzbar Wahlweise mit 160 g Zusatzgewicht für extra Oberkörper-Einsatz Ideal für HIIT, Boxtraining und Warm-ups Technische Daten Kabel ummanteltes Stahlkabel Länge bis 3 m, verstellbar Griffe kugelgelagert Option 160 g Zusatzgewicht Lieferumfang 1 × Springseil (je nach Ausführung inkl. Zusatzgewicht) Sportartikel, kein Medizinprodukt. Vor Gebrauch auf Beschädigungen prüfen, Belastung langsam steigern und bei Beschwerden ärztlichen Rat einholen.","in stock","new","26.99 EUR","https://www.deskrebel.store/products/jumprebel-speed-springseil?variant=58799629861238","https://cdn.shopify.com/s/files/1/1019/2368/4726/files/hf_20260924_050346_b25064b3-9121-4b0a-8708-fa2dbab9c606.png?v=1790227372","https://cdn.shopify.com/s/files/1/1019/2368/4726/files/hf_20260924_050346_bffe3164-1205-4fef-a497-0838b679c55d.png?v=1790227372,https://cdn.shopify.com/s/files/1/1019/2368/4726/files/hf_20260924_050346_a140fe4b-a66e-49e0-a867-68e35cb72b1b.png?v=1790227372,https://cdn.shopify.com/s/files/1/1019/2368/4726/files/hf_20260924_050346_23db5748-f5df-49bf-8b8b-3da2e490ecfc.png?v=1790227372,https://cdn.shopify.com/s/files/1/1019/2368/4726/files/hf_20260924_050346_7f5af4ae-613e-4d6c-ae29-0b558283cc75.png?v=1790227372,https://cdn.shopify.com/s/files/1/1019/2368/4726/files/hf_20260924_050346_01645775-ea07-4a58-a020-8d9ec7c0c02f.png?v=1790227372,https://cdn.shopify.com/s/files/1/1019/2368/4726/files/hf_20260924_050346_08c43ff2-330e-4cfd-9bfe-e6b4bac7ffed.png?v=1790227372,https://cdn.shopify.com/s/files/1/1019/2368/4726/files/hf_20260924_050346_5ec5e294-f4df-4bf1-b2ee-0db6f61bb413.png?v=1790227372,https://cdn.shopify.com/s/files/1/1019/2368/4726/files/hf_20260924_050631_e68cc29c-34e6-44eb-887a-bbe4bf768735.png?v=1790227373,https://cdn.shopify.com/s/files/1/1019/2368/4726/files/hf_20260924_051449_c1633890-f5c6-4afd-ba82-0ad4b08abc43.png?v=1790227372,https://cdn.shopify.com/s/files/1/1019/2368/4726/files/hf_20260924_050630_a878347d-4a57-48af-a922-7f5ab9ce4a88.png?v=1790227372","DeskRebel","","5944197443372","Springseile"
"15896049713526-58799629894006","15896049713526","DeskRebel JumpRebel – Speed-Springseil mit Kugellager - Blau · Standard","10 Minuten. Voller Puls. Das JumpRebel ist ein Speed-Springseil mit ummanteltem Stahlkabel und kugelgelagerten Griffen für schnelle, saubere Umdrehungen. Die Länge ist verstellbar – optional mit Zusatzgewichten in den Griffen für mehr Intensität. Warum du es willst Kugellager-Griffe für schnelle, gleichmäßige Rotation Ummanteltes Stahlkabel, bis 3 m lang und stufenlos kürzbar Wahlweise mit 160 g Zusatzgewicht für extra Oberkörper-Einsatz Ideal für HIIT, Boxtraining und Warm-ups Technische Daten Kabel ummanteltes Stahlkabel Länge bis 3 m, verstellbar Griffe kugelgelagert Option 160 g Zusatzgewicht Lieferumfang 1 × Springseil (je nach Ausführung inkl. Zusatzgewicht) Sportartikel, kein Medizinprodukt. Vor Gebrauch auf Beschädigungen prüfen, Belastung langsam steigern und bei Beschwerden ärztlichen Rat einholen.","in stock","new","26.99 EUR","https://www.deskrebel.store/products/jumprebel-speed-springseil?variant=58799629894006","https://cdn.shopify.com/s/files/1/1019/2368/4726/files/hf_20260924_050346_5ec5e294-f4df-4bf1-b2ee-0db6f61bb413.png?v=1790227372","https://cdn.shopify.com/s/files/1/1019/2368/4726/files/hf_20260924_050346_bffe3164-1205-4fef-a497-0838b679c55d.png?v=1790227372,https://cdn.shopify.com/s/files/1/1019/2368/4726/files/hf_20260924_050346_a140fe4b-a66e-49e0-a867-68e35cb72b1b.png?v=1790227372,https://cdn.shopify.com/s/files/1/1019/2368/4726/files/hf_20260924_050346_23db5748-f5df-49bf-8b8b-3da2e490ecfc.png?v=1790227372,https://cdn.shopify.com/s/files/1/1019/2368/4726/files/hf_20260924_050346_7f5af4ae-613e-4d6c-ae29-0b558283cc75.png?v=1790227372,https://cdn.shopify.com/s/files/1/1019/2368/4726/files/hf_20260924_050346_01645775-ea07-4a58-a020-8d9ec7c0c02f.png?v=1790227372,https://cdn.shopify.com/s/files/1/1019/2368/4726/files/hf_20260924_050346_08c43ff2-330e-4cfd-9bfe-e6b4bac7ffed.png?v=1790227372,https://cdn.shopify.com/s/files/1/1019/2368/4726/files/hf_20260924_050346_b25064b3-9121-4b0a-8708-fa2dbab9c606.png?v=1790227372,https://cdn.shopify.com/s/files/1/1019/2368/4726/files/hf_20260924_050631_e68cc29c-34e6-44eb-887a-bbe4bf768735.png?v=1790227373,https://cdn.shopify.com/s/files/1/1019/2368/4726/files/hf_20260924_051449_c1633890-f5c6-4afd-ba82-0ad4b08abc43.png?v=1790227372,https://cdn.shopify.com/s/files/1/1019/2368/4726/files/hf_20260924_050630_a878347d-4a57-48af-a922-7f5ab9ce4a88.png?v=1790227372","DeskRebel","","5944197443373","Springseile"
"15896049713526-58799629926774","15896049713526","DeskRebel JumpRebel – Speed-Springseil mit Kugellager - Grün · Standard","10 Minuten. Voller Puls. Das JumpRebel ist ein Speed-Springseil mit ummanteltem Stahlkabel und kugelgelagerten Griffen für schnelle, saubere Umdrehungen. Die Länge ist verstellbar – optional mit Zusatzgewichten in den Griffen für mehr Intensität. Warum du es willst Kugellager-Griffe für schnelle, gleichmäßige Rotation Ummanteltes Stahlkabel, bis 3 m lang und stufenlos kürzbar Wahlweise mit 160 g Zusatzgewicht für extra Oberkörper-Einsatz Ideal für HIIT, Boxtraining und Warm-ups Technische Daten Kabel ummanteltes Stahlkabel Länge bis 3 m, verstellbar Griffe kugelgelagert Option 160 g Zusatzgewicht Lieferumfang 1 × Springseil (je nach Ausführung inkl. Zusatzgewicht) Sportartikel, kein Medizinprodukt. Vor Gebrauch auf Beschädigungen prüfen, Belastung langsam steigern und bei Beschwerden ärztlichen Rat einholen.","in stock","new","26.99 EUR","https://www.deskrebel.store/products/jumprebel-speed-springseil?variant=58799629926774","https://cdn.shopify.com/s/files/1/1019/2368/4726/files/hf_20260924_050631_e68cc29c-34e6-44eb-887a-bbe4bf768735.png?v=1790227373","https://cdn.shopify.com/s/files/1/1019/2368/4726/files/hf_20260924_050346_bffe3164-1205-4fef-a497-0838b679c55d.png?v=1790227372,https://cdn.shopify.com/s/files/1/1019/2368/4726/files/hf_20260924_050346_a140fe4b-a66e-49e0-a867-68e35cb72b1b.png?v=1790227372,https://cdn.shopify.com/s/files/1/1019/2368/4726/files/hf_20260924_050346_23db5748-f5df-49bf-8b8b-3da2e490ecfc.png?v=1790227372,https://cdn.shopify.com/s/files/1/1019/2368/4726/files/hf_20260924_050346_7f5af4ae-613e-4d6c-ae29-0b558283cc75.png?v=1790227372,https://cdn.shopify.com/s/files/1/1019/2368/4726/files/hf_20260924_050346_01645775-ea07-4a58-a020-8d9ec7c0c02f.png?v=1790227372,https://cdn.shopify.com/s/files/1/1019/2368/4726/files/hf_20260924_050346_08c43ff2-330e-4cfd-9bfe-e6b4bac7ffed.png?v=1790227372,https://cdn.shopify.com/s/files/1/1019/2368/4726/files/hf_20260924_050346_b25064b3-9121-4b0a-8708-fa2dbab9c606.png?v=1790227372,https://cdn.shopify.com/s/files/1/1019/2368/4726/files/hf_20260924_050346_5ec5e294-f4df-4bf1-b2ee-0db6f61bb413.png?v=1790227372,https://cdn.shopify.com/s/files/1/1019/2368/4726/files/hf_20260924_051449_c1633890-f5c6-4afd-ba82-0ad4b08abc43.png?v=1790227372,https://cdn.shopify.com/s/files/1/1019/2368/4726/files/hf_20260924_050630_a878347d-4a57-48af-a922-7f5ab9ce4a88.png?v=1790227372","DeskRebel","","5944197443374","Springseile"
"15896049713526-58799629959542","15896049713526","DeskRebel JumpRebel – Speed-Springseil mit Kugellager - Schwarz · mit 160 g Zusatzgewicht","10 Minuten. Voller Puls. Das JumpRebel ist ein Speed-Springseil mit ummanteltem Stahlkabel und kugelgelagerten Griffen für schnelle, saubere Umdrehungen. Die Länge ist verstellbar – optional mit Zusatzgewichten in den Griffen für mehr Intensität. Warum du es willst Kugellager-Griffe für schnelle, gleichmäßige Rotation Ummanteltes Stahlkabel, bis 3 m lang und stufenlos kürzbar Wahlweise mit 160 g Zusatzgewicht für extra Oberkörper-Einsatz Ideal für HIIT, Boxtraining und Warm-ups Technische Daten Kabel ummanteltes Stahlkabel Länge bis 3 m, verstellbar Griffe kugelgelagert Option 160 g Zusatzgewicht Lieferumfang 1 × Springseil (je nach Ausführung inkl. Zusatzgewicht) Sportartikel, kein Medizinprodukt. Vor Gebrauch auf Beschädigungen prüfen, Belastung langsam steigern und bei Beschwerden ärztlichen Rat einholen.","in stock","new","26.99 EUR","https://www.deskrebel.store/products/jumprebel-speed-springseil?variant=58799629959542","https://cdn.shopify.com/s/files/1/1019/2368/4726/files/hf_20260924_051449_c1633890-f5c6-4afd-ba82-0ad4b08abc43.png?v=1790227372","https://cdn.shopify.com/s/files/1/1019/2368/4726/files/hf_20260924_050346_bffe3164-1205-4fef-a497-0838b679c55d.png?v=1790227372,https://cdn.shopify.com/s/files/1/1019/2368/4726/files/hf_20260924_050346_a140fe4b-a66e-49e0-a867-68e35cb72b1b.png?v=1790227372,https://cdn.shopify.com/s/files/1/1019/2368/4726/files/hf_20260924_050346_23db5748-f5df-49bf-8b8b-3da2e490ecfc.png?v=1790227372,https://cdn.shopify.com/s/files/1/1019/2368/4726/files/hf_20260924_050346_7f5af4ae-613e-4d6c-ae29-0b558283cc75.png?v=1790227372,https://cdn.shopify.com/s/files/1/1019/2368/4726/files/hf_20260924_050346_01645775-ea07-4a58-a020-8d9ec7c0c02f.png?v=1790227372,https://cdn.shopify.com/s/files/1/1019/2368/4726/files/hf_20260924_050346_08c43ff2-330e-4cfd-9bfe-e6b4bac7ffed.png?v=1790227372,https://cdn.shopify.com/s/files/1/1019/2368/4726/files/hf_20260924_050346_b25064b3-9121-4b0a-8708-fa2dbab9c606.png?v=1790227372,https://cdn.shopify.com/s/files/1/1019/2368/4726/files/hf_20260924_050346_5ec5e294-f4df-4bf1-b2ee-0db6f61bb413.png?v=1790227372,https://cdn.shopify.com/s/files/1/1019/2368/4726/files/hf_20260924_050631_e68cc29c-34e6-44eb-887a-bbe4bf768735.png?v=1790227373,https://cdn.shopify.com/s/files/1/1019/2368/4726/files/hf_20260924_050630_a878347d-4a57-48af-a922-7f5ab9ce4a88.png?v=1790227372","DeskRebel","","6148055502553","Springseile"
"15896049713526-58799629992310","15896049713526","DeskRebel JumpRebel – Speed-Springseil mit Kugellager - Rot · mit 160 g Zusatzgewicht","10 Minuten. Voller Puls. Das JumpRebel ist ein Speed-Springseil mit ummanteltem Stahlkabel und kugelgelagerten Griffen für schnelle, saubere Umdrehungen. Die Länge ist verstellbar – optional mit Zusatzgewichten in den Griffen für mehr Intensität. Warum du es willst Kugellager-Griffe für schnelle, gleichmäßige Rotation Ummanteltes Stahlkabel, bis 3 m lang und stufenlos kürzbar Wahlweise mit 160 g Zusatzgewicht für extra Oberkörper-Einsatz Ideal für HIIT, Boxtraining und Warm-ups Technische Daten Kabel ummanteltes Stahlkabel Länge bis 3 m, verstellbar Griffe kugelgelagert Option 160 g Zusatzgewicht Lieferumfang 1 × Springseil (je nach Ausführung inkl. Zusatzgewicht) Sportartikel, kein Medizinprodukt. Vor Gebrauch auf Beschädigungen prüfen, Belastung langsam steigern und bei Beschwerden ärztlichen Rat einholen.","in stock","new","26.99 EUR","https://www.deskrebel.store/products/jumprebel-speed-springseil?variant=58799629992310","https://cdn.shopify.com/s/files/1/1019/2368/4726/files/hf_20260924_050630_a878347d-4a57-48af-a922-7f5ab9ce4a88.png?v=1790227372","https://cdn.shopify.com/s/files/1/1019/2368/4726/files/hf_20260924_050346_bffe3164-1205-4fef-a497-0838b679c55d.png?v=1790227372,https://cdn.shopify.com/s/files/1/1019/2368/4726/files/hf_20260924_050346_a140fe4b-a66e-49e0-a867-68e35cb72b1b.png?v=1790227372,https://cdn.shopify.com/s/files/1/1019/2368/4726/files/hf_20260924_050346_23db5748-f5df-49bf-8b8b-3da2e490ecfc.png?v=1790227372,https://cdn.shopify.com/s/files/1/1019/2368/4726/files/hf_20260924_050346_7f5af4ae-613e-4d6c-ae29-0b558283cc75.png?v=1790227372,https://cdn.shopify.com/s/files/1/1019/2368/4726/files/hf_20260924_050346_01645775-ea07-4a58-a020-8d9ec7c0c02f.png?v=1790227372,https://cdn.shopify.com/s/files/1/1019/2368/4726/files/hf_20260924_050346_08c43ff2-330e-4cfd-9bfe-e6b4bac7ffed.png?v=1790227372,https://cdn.shopify.com/s/files/1/1019/2368/4726/files/hf_20260924_050346_b25064b3-9121-4b0a-8708-fa2dbab9c606.png?v=1790227372,https://cdn.shopify.com/s/files/1/1019/2368/4726/files/hf_20260924_050346_5ec5e294-f4df-4bf1-b2ee-0db6f61bb413.png?v=1790227372,https://cdn.shopify.com/s/files/1/1019/2368/4726/files/hf_20260924_050631_e68cc29c-34e6-44eb-887a-bbe4bf768735.png?v=1790227373,https://cdn.shopify.com/s/files/1/1019/2368/4726/files/hf_20260924_051449_c1633890-f5c6-4afd-ba82-0ad4b08abc43.png?v=1790227372","DeskRebel","","6148055502552","Springseile"
"15896049713526-58799630025078","15896049713526","DeskRebel JumpRebel – Speed-Springseil mit Kugellager - Blau · mit 160 g Zusatzgewicht","10 Minuten. Voller Puls. Das JumpRebel ist ein Speed-Springseil mit ummanteltem Stahlkabel und kugelgelagerten Griffen für schnelle, saubere Umdrehungen. Die Länge ist verstellbar – optional mit Zusatzgewichten in den Griffen für mehr Intensität. Warum du es willst Kugellager-Griffe für schnelle, gleichmäßige Rotation Ummanteltes Stahlkabel, bis 3 m lang und stufenlos kürzbar Wahlweise mit 160 g Zusatzgewicht für extra Oberkörper-Einsatz Ideal für HIIT, Boxtraining und Warm-ups Technische Daten Kabel ummanteltes Stahlkabel Länge bis 3 m, verstellbar Griffe kugelgelagert Option 160 g Zusatzgewicht Lieferumfang 1 × Springseil (je nach Ausführung inkl. Zusatzgewicht) Sportartikel, kein Medizinprodukt. Vor Gebrauch auf Beschädigungen prüfen, Belastung langsam steigern und bei Beschwerden ärztlichen Rat einholen.","in stock","new","26.99 EUR","https://www.deskrebel.store/products/jumprebel-speed-springseil?variant=58799630025078","https://cdn.shopify.com/s/files/1/1019/2368/4726/files/hf_20260924_050631_85c58e53-cbbe-4dda-9a3a-5fbb0adbe0fa.png?v=1790227372","https://cdn.shopify.com/s/files/1/1019/2368/4726/files/hf_20260924_050346_bffe3164-1205-4fef-a497-0838b679c55d.png?v=1790227372,https://cdn.shopify.com/s/files/1/1019/2368/4726/files/hf_20260924_050346_a140fe4b-a66e-49e0-a867-68e35cb72b1b.png?v=1790227372,https://cdn.shopify.com/s/files/1/1019/2368/4726/files/hf_20260924_050346_23db5748-f5df-49bf-8b8b-3da2e490ecfc.png?v=1790227372,https://cdn.shopify.com/s/files/1/1019/2368/4726/files/hf_20260924_050346_7f5af4ae-613e-4d6c-ae29-0b558283cc75.png?v=1790227372,https://cdn.shopify.com/s/files/1/1019/2368/4726/files/hf_20260924_050346_01645775-ea07-4a58-a020-8d9ec7c0c02f.png?v=1790227372,https://cdn.shopify.com/s/files/1/1019/2368/4726/files/hf_20260924_050346_08c43ff2-330e-4cfd-9bfe-e6b4bac7ffed.png?v=1790227372,https://cdn.shopify.com/s/files/1/1019/2368/4726/files/hf_20260924_050346_b25064b3-9121-4b0a-8708-fa2dbab9c606.png?v=1790227372,https://cdn.shopify.com/s/files/1/1019/2368/4726/files/hf_20260924_050346_5ec5e294-f4df-4bf1-b2ee-0db6f61bb413.png?v=1790227372,https://cdn.shopify.com/s/files/1/1019/2368/4726/files/hf_20260924_050631_e68cc29c-34e6-44eb-887a-bbe4bf768735.png?v=1790227373,https://cdn.shopify.com/s/files/1/1019/2368/4726/files/hf_20260924_051449_c1633890-f5c6-4afd-ba82-0ad4b08abc43.png?v=1790227372","DeskRebel","","6148055502555","Springseile"
"15896049713526-58799630057846","15896049713526","DeskRebel JumpRebel – Speed-Springseil mit Kugellager - Grün · mit 160 g Zusatzgewicht","10 Minuten. Voller Puls. Das JumpRebel ist ein Speed-Springseil mit ummanteltem Stahlkabel und kugelgelagerten Griffen für schnelle, saubere Umdrehungen. Die Länge ist verstellbar – optional mit Zusatzgewichten in den Griffen für mehr Intensität. Warum du es willst Kugellager-Griffe für schnelle, gleichmäßige Rotation Ummanteltes Stahlkabel, bis 3 m lang und stufenlos kürzbar Wahlweise mit 160 g Zusatzgewicht für extra Oberkörper-Einsatz Ideal für HIIT, Boxtraining und Warm-ups Technische Daten Kabel ummanteltes Stahlkabel Länge bis 3 m, verstellbar Griffe kugelgelagert Option 160 g Zusatzgewicht Lieferumfang 1 × Springseil (je nach Ausführung inkl. Zusatzgewicht) Sportartikel, kein Medizinprodukt. Vor Gebrauch auf Beschädigungen prüfen, Belastung langsam steigern und bei Beschwerden ärztlichen Rat einholen.","in stock","new","26.99 EUR","https://www.deskrebel.store/products/jumprebel-speed-springseil?variant=58799630057846","https://cdn.shopify.com/s/files/1/1019/2368/4726/files/hf_20260924_050630_f82550f6-902e-4c7c-b30b-1798b2d27104.png?v=1790227372","https://cdn.shopify.com/s/files/1/1019/2368/4726/files/hf_20260924_050346_bffe3164-1205-4fef-a497-0838b679c55d.png?v=1790227372,https://cdn.shopify.com/s/files/1/1019/2368/4726/files/hf_20260924_050346_a140fe4b-a66e-49e0-a867-68e35cb72b1b.png?v=1790227372,https://cdn.shopify.com/s/files/1/1019/2368/4726/files/hf_20260924_050346_23db5748-f5df-49bf-8b8b-3da2e490ecfc.png?v=1790227372,https://cdn.shopify.com/s/files/1/1019/2368/4726/files/hf_20260924_050346_7f5af4ae-613e-4d6c-ae29-0b558283cc75.png?v=1790227372,https://cdn.shopify.com/s/files/1/1019/2368/4726/files/hf_20260924_050346_01645775-ea07-4a58-a020-8d9ec7c0c02f.png?v=1790227372,https://cdn.shopify.com/s/files/1/1019/2368/4726/files/hf_20260924_050346_08c43ff2-330e-4cfd-9bfe-e6b4bac7ffed.png?v=1790227372,https://cdn.shopify.com/s/files/1/1019/2368/4726/files/hf_20260924_050346_b25064b3-9121-4b0a-8708-fa2dbab9c606.png?v=1790227372,https://cdn.shopify.com/s/files/1/1019/2368/4726/files/hf_20260924_050346_5ec5e294-f4df-4bf1-b2ee-0db6f61bb413.png?v=1790227372,https://cdn.shopify.com/s/files/1/1019/2368/4726/files/hf_20260924_050631_e68cc29c-34e6-44eb-887a-bbe4bf768735.png?v=1790227373,https://cdn.shopify.com/s/files/1/1019/2368/4726/files/hf_20260924_051449_c1633890-f5c6-4afd-ba82-0ad4b08abc43.png?v=1790227372","DeskRebel","","6148055502554","Springseile"
"15896044503414-58799611085174","15896044503414","DeskRebel ArmForce – Power-Twister für Arme, Brust & Schultern - 20 kg · Schwarz-Rot","Biegen. Drücken. Brennen. Der ArmForce Power-Twister ist ein Federstab für Arme, Brust und Schultern. Einfach vor der Brust greifen und zusammendrücken – ein komplettes Oberkörper-Workout ohne Hantelbank, direkt im Wohnzimmer. Warum du es willst Trainiert Arme, Brust, Schultern und Griffkraft in einem Gerät Leise Feder – kein Klappern, auch spät abends Rutschfeste Griffe für sicheren Halt Widerstände von 4 bis 100 kg – vom Einstieg bis zum Beast-Mode Technische Daten Widerstand je nach Variante 4–100 kg Mechanik Stahlfeder, leise Griffe rutschfest gepolstert Einsatz Arme, Brust, Schultern, Griff Lieferumfang 1 × ArmForce Power-Twister in der gewählten Stärke Sportartikel, kein Medizinprodukt. Vor Gebrauch auf Beschädigungen prüfen, Belastung langsam steigern und bei Beschwerden ärztlichen Rat einholen.","in stock","new","27.99 EUR","https://www.deskrebel.store/products/armforce-power-twister?variant=58799611085174","https://cdn.shopify.com/s/files/1/1019/2368/4726/files/hf_20260924_050118_08b89da5-eefb-448c-8a11-41acadd7d238.png?v=1790227140","https://cdn.shopify.com/s/files/1/1019/2368/4726/files/hf_20260924_045412_fc0b9e6e-b910-4991-8b7d-f636bbe00c15.png?v=1790227140,https://cdn.shopify.com/s/files/1/1019/2368/4726/files/hf_20260924_050118_f2cd75f9-9d3e-4398-864d-e4a8b619e244.png?v=1790227140,https://cdn.shopify.com/s/files/1/1019/2368/4726/files/hf_20260924_050118_b4d17825-85b9-4cea-8186-dc48767db15a.png?v=1790227140,https://cdn.shopify.com/s/files/1/1019/2368/4726/files/hf_20260924_050118_7dd2b74d-e0d2-40ab-9e2b-f9789efa3aef.png?v=1790227140,https://cdn.shopify.com/s/files/1/1019/2368/4726/files/hf_20260924_050235_9c4ea552-3da2-4af6-aa23-dcca44cf1392.png?v=1790227140,https://cdn.shopify.com/s/files/1/1019/2368/4726/files/hf_20260924_050235_05589991-e9ba-472d-9569-c8510b67e108.png?v=1790227140,https://cdn.shopify.com/s/files/1/1019/2368/4726/files/hf_20260924_050235_e44aa77d-9b68-4629-8a9c-85fd8bf7867c.png?v=1790227140,https://cdn.shopify.com/s/files/1/1019/2368/4726/files/hf_20260924_050235_f92653a2-7f8f-43ad-9d3c-ee3ed3a4d4b9.png?v=1790227140,https://cdn.shopify.com/s/files/1/1019/2368/4726/files/O1CN01ELLu1s1Djv6rv2Nts__2216097900253-0-cib.jpg?v=1790133307,https://cdn.shopify.com/s/files/1/1019/2368/4726/files/O1CN01RouQ1F1Djv6wPoQ3h__2216097900253-0-cib.jpg?v=1790133307","DeskRebel","","5170199489491","Kraftgeräte"
"15896044503414-58799611117942","15896044503414","DeskRebel ArmForce – Power-Twister für Arme, Brust & Schultern - 30 kg · Schwarz-Rot","Biegen. Drücken. Brennen. Der ArmForce Power-Twister ist ein Federstab für Arme, Brust und Schultern. Einfach vor der Brust greifen und zusammendrücken – ein komplettes Oberkörper-Workout ohne Hantelbank, direkt im Wohnzimmer. Warum du es willst Trainiert Arme, Brust, Schultern und Griffkraft in einem Gerät Leise Feder – kein Klappern, auch spät abends Rutschfeste Griffe für sicheren Halt Widerstände von 4 bis 100 kg – vom Einstieg bis zum Beast-Mode Technische Daten Widerstand je nach Variante 4–100 kg Mechanik Stahlfeder, leise Griffe rutschfest gepolstert Einsatz Arme, Brust, Schultern, Griff Lieferumfang 1 × ArmForce Power-Twister in der gewählten Stärke Sportartikel, kein Medizinprodukt. Vor Gebrauch auf Beschädigungen prüfen, Belastung langsam steigern und bei Beschwerden ärztlichen Rat einholen.","in stock","new","27.99 EUR","https://www.deskrebel.store/products/armforce-power-twister?variant=58799611117942","https://cdn.shopify.com/s/files/1/1019/2368/4726/files/hf_20260924_050118_08b89da5-eefb-448c-8a11-41acadd7d238.png?v=1790227140","https://cdn.shopify.com/s/files/1/1019/2368/4726/files/hf_20260924_045412_fc0b9e6e-b910-4991-8b7d-f636bbe00c15.png?v=1790227140,https://cdn.shopify.com/s/files/1/1019/2368/4726/files/hf_20260924_050118_f2cd75f9-9d3e-4398-864d-e4a8b619e244.png?v=1790227140,https://cdn.shopify.com/s/files/1/1019/2368/4726/files/hf_20260924_050118_b4d17825-85b9-4cea-8186-dc48767db15a.png?v=1790227140,https://cdn.shopify.com/s/files/1/1019/2368/4726/files/hf_20260924_050118_7dd2b74d-e0d2-40ab-9e2b-f9789efa3aef.png?v=1790227140,https://cdn.shopify.com/s/files/1/1019/2368/4726/files/hf_20260924_050235_9c4ea552-3da2-4af6-aa23-dcca44cf1392.png?v=1790227140,https://cdn.shopify.com/s/files/1/1019/2368/4726/files/hf_20260924_050235_05589991-e9ba-472d-9569-c8510b67e108.png?v=1790227140,https://cdn.shopify.com/s/files/1/1019/2368/4726/files/hf_20260924_050235_e44aa77d-9b68-4629-8a9c-85fd8bf7867c.png?v=1790227140,https://cdn.shopify.com/s/files/1/1019/2368/4726/files/hf_20260924_050235_f92653a2-7f8f-43ad-9d3c-ee3ed3a4d4b9.png?v=1790227140,https://cdn.shopify.com/s/files/1/1019/2368/4726/files/O1CN01ELLu1s1Djv6rv2Nts__2216097900253-0-cib.jpg?v=1790133307,https://cdn.shopify.com/s/files/1/1019/2368/4726/files/O1CN01RouQ1F1Djv6wPoQ3h__2216097900253-0-cib.jpg?v=1790133307","DeskRebel","","5170199489492","Kraftgeräte"
"15896044503414-58799611150710","15896044503414","DeskRebel ArmForce – Power-Twister für Arme, Brust & Schultern - 40 kg · Schwarz-Blau","Biegen. Drücken. Brennen. Der ArmForce Power-Twister ist ein Federstab für Arme, Brust und Schultern. Einfach vor der Brust greifen und zusammendrücken – ein komplettes Oberkörper-Workout ohne Hantelbank, direkt im Wohnzimmer. Warum du es willst Trainiert Arme, Brust, Schultern und Griffkraft in einem Gerät Leise Feder – kein Klappern, auch spät abends Rutschfeste Griffe für sicheren Halt Widerstände von 4 bis 100 kg – vom Einstieg bis zum Beast-Mode Technische Daten Widerstand je nach Variante 4–100 kg Mechanik Stahlfeder, leise Griffe rutschfest gepolstert Einsatz Arme, Brust, Schultern, Griff Lieferumfang 1 × ArmForce Power-Twister in der gewählten Stärke Sportartikel, kein Medizinprodukt. Vor Gebrauch auf Beschädigungen prüfen, Belastung langsam steigern und bei Beschwerden ärztlichen Rat einholen.","in stock","new","27.99 EUR","https://www.deskrebel.store/products/armforce-power-twister?variant=58799611150710","https://cdn.shopify.com/s/files/1/1019/2368/4726/files/hf_20260924_050235_05589991-e9ba-472d-9569-c8510b67e108.png?v=1790227140","https://cdn.shopify.com/s/files/1/1019/2368/4726/files/hf_20260924_045412_fc0b9e6e-b910-4991-8b7d-f636bbe00c15.png?v=1790227140,https://cdn.shopify.com/s/files/1/1019/2368/4726/files/hf_20260924_050118_f2cd75f9-9d3e-4398-864d-e4a8b619e244.png?v=1790227140,https://cdn.shopify.com/s/files/1/1019/2368/4726/files/hf_20260924_050118_b4d17825-85b9-4cea-8186-dc48767db15a.png?v=1790227140,https://cdn.shopify.com/s/files/1/1019/2368/4726/files/hf_20260924_050118_7dd2b74d-e0d2-40ab-9e2b-f9789efa3aef.png?v=1790227140,https://cdn.shopify.com/s/files/1/1019/2368/4726/files/hf_20260924_050235_9c4ea552-3da2-4af6-aa23-dcca44cf1392.png?v=1790227140,https://cdn.shopify.com/s/files/1/1019/2368/4726/files/hf_20260924_050118_08b89da5-eefb-448c-8a11-41acadd7d238.png?v=1790227140,https://cdn.shopify.com/s/files/1/1019/2368/4726/files/hf_20260924_050235_e44aa77d-9b68-4629-8a9c-85fd8bf7867c.png?v=1790227140,https://cdn.shopify.com/s/files/1/1019/2368/4726/files/hf_20260924_050235_f92653a2-7f8f-43ad-9d3c-ee3ed3a4d4b9.png?v=1790227140,https://cdn.shopify.com/s/files/1/1019/2368/4726/files/O1CN01ELLu1s1Djv6rv2Nts__2216097900253-0-cib.jpg?v=1790133307,https://cdn.shopify.com/s/files/1/1019/2368/4726/files/O1CN01RouQ1F1Djv6wPoQ3h__2216097900253-0-cib.jpg?v=1790133307","DeskRebel","","5170199489493","Kraftgeräte"
"15896044503414-58799611183478","15896044503414","DeskRebel ArmForce – Power-Twister für Arme, Brust & Schultern - 50 kg · Schwarz-Blau","Biegen. Drücken. Brennen. Der ArmForce Power-Twister ist ein Federstab für Arme, Brust und Schultern. Einfach vor der Brust greifen und zusammendrücken – ein komplettes Oberkörper-Workout ohne Hantelbank, direkt im Wohnzimmer. Warum du es willst Trainiert Arme, Brust, Schultern und Griffkraft in einem Gerät Leise Feder – kein Klappern, auch spät abends Rutschfeste Griffe für sicheren Halt Widerstände von 4 bis 100 kg – vom Einstieg bis zum Beast-Mode Technische Daten Widerstand je nach Variante 4–100 kg Mechanik Stahlfeder, leise Griffe rutschfest gepolstert Einsatz Arme, Brust, Schultern, Griff Lieferumfang 1 × ArmForce Power-Twister in der gewählten Stärke Sportartikel, kein Medizinprodukt. Vor Gebrauch auf Beschädigungen prüfen, Belastung langsam steigern und bei Beschwerden ärztlichen Rat einholen.","in stock","new","27.99 EUR","https://www.deskrebel.store/products/armforce-power-twister?variant=58799611183478","https://cdn.shopify.com/s/files/1/1019/2368/4726/files/hf_20260924_050235_05589991-e9ba-472d-9569-c8510b67e108.png?v=1790227140","https://cdn.shopify.com/s/files/1/1019/2368/4726/files/hf_20260924_045412_fc0b9e6e-b910-4991-8b7d-f636bbe00c15.png?v=1790227140,https://cdn.shopify.com/s/files/1/1019/2368/4726/files/hf_20260924_050118_f2cd75f9-9d3e-4398-864d-e4a8b619e244.png?v=1790227140,https://cdn.shopify.com/s/files/1/1019/2368/4726/files/hf_20260924_050118_b4d17825-85b9-4cea-8186-dc48767db15a.png?v=1790227140,https://cdn.shopify.com/s/files/1/1019/2368/4726/files/hf_20260924_050118_7dd2b74d-e0d2-40ab-9e2b-f9789efa3aef.png?v=1790227140,https://cdn.shopify.com/s/files/1/1019/2368/4726/files/hf_20260924_050235_9c4ea552-3da2-4af6-aa23-dcca44cf1392.png?v=1790227140,https://cdn.shopify.com/s/files/1/1019/2368/4726/files/hf_20260924_050118_08b89da5-eefb-448c-8a11-41acadd7d238.png?v=1790227140,https://cdn.shopify.com/s/files/1/1019/2368/4726/files/hf_20260924_050235_e44aa77d-9b68-4629-8a9c-85fd8bf7867c.png?v=1790227140,https://cdn.shopify.com/s/files/1/1019/2368/4726/files/hf_20260924_050235_f92653a2-7f8f-43ad-9d3c-ee3ed3a4d4b9.png?v=1790227140,https://cdn.shopify.com/s/files/1/1019/2368/4726/files/O1CN01ELLu1s1Djv6rv2Nts__2216097900253-0-cib.jpg?v=1790133307,https://cdn.shopify.com/s/files/1/1019/2368/4726/files/O1CN01RouQ1F1Djv6wPoQ3h__2216097900253-0-cib.jpg?v=1790133307","DeskRebel","","5170199489494","Kraftgeräte"
"15896044503414-58799611216246","15896044503414","DeskRebel ArmForce – Power-Twister für Arme, Brust & Schultern - 60 kg · Schwarz","Biegen. Drücken. Brennen. Der ArmForce Power-Twister ist ein Federstab für Arme, Brust und Schultern. Einfach vor der Brust greifen und zusammendrücken – ein komplettes Oberkörper-Workout ohne Hantelbank, direkt im Wohnzimmer. Warum du es willst Trainiert Arme, Brust, Schultern und Griffkraft in einem Gerät Leise Feder – kein Klappern, auch spät abends Rutschfeste Griffe für sicheren Halt Widerstände von 4 bis 100 kg – vom Einstieg bis zum Beast-Mode Technische Daten Widerstand je nach Variante 4–100 kg Mechanik Stahlfeder, leise Griffe rutschfest gepolstert Einsatz Arme, Brust, Schultern, Griff Lieferumfang 1 × ArmForce Power-Twister in der gewählten Stärke Sportartikel, kein Medizinprodukt. Vor Gebrauch auf Beschädigungen prüfen, Belastung langsam steigern und bei Beschwerden ärztlichen Rat einholen.","in stock","new","27.99 EUR","https://www.deskrebel.store/products/armforce-power-twister?variant=58799611216246","https://cdn.shopify.com/s/files/1/1019/2368/4726/files/hf_20260924_050235_e44aa77d-9b68-4629-8a9c-85fd8bf7867c.png?v=1790227140","https://cdn.shopify.com/s/files/1/1019/2368/4726/files/hf_20260924_045412_fc0b9e6e-b910-4991-8b7d-f636bbe00c15.png?v=1790227140,https://cdn.shopify.com/s/files/1/1019/2368/4726/files/hf_20260924_050118_f2cd75f9-9d3e-4398-864d-e4a8b619e244.png?v=1790227140,https://cdn.shopify.com/s/files/1/1019/2368/4726/files/hf_20260924_050118_b4d17825-85b9-4cea-8186-dc48767db15a.png?v=1790227140,https://cdn.shopify.com/s/files/1/1019/2368/4726/files/hf_20260924_050118_7dd2b74d-e0d2-40ab-9e2b-f9789efa3aef.png?v=1790227140,https://cdn.shopify.com/s/files/1/1019/2368/4726/files/hf_20260924_050235_9c4ea552-3da2-4af6-aa23-dcca44cf1392.png?v=1790227140,https://cdn.shopify.com/s/files/1/1019/2368/4726/files/hf_20260924_050118_08b89da5-eefb-448c-8a11-41acadd7d238.png?v=1790227140,https://cdn.shopify.com/s/files/1/1019/2368/4726/files/hf_20260924_050235_05589991-e9ba-472d-9569-c8510b67e108.png?v=1790227140,https://cdn.shopify.com/s/files/1/1019/2368/4726/files/hf_20260924_050235_f92653a2-7f8f-43ad-9d3c-ee3ed3a4d4b9.png?v=1790227140,https://cdn.shopify.com/s/files/1/1019/2368/4726/files/O1CN01ELLu1s1Djv6rv2Nts__2216097900253-0-cib.jpg?v=1790133307,https://cdn.shopify.com/s/files/1/1019/2368/4726/files/O1CN01RouQ1F1Djv6wPoQ3h__2216097900253-0-cib.jpg?v=1790133307","DeskRebel","","5170199489495","Kraftgeräte"
"15896044503414-58799611249014","15896044503414","DeskRebel ArmForce – Power-Twister für Arme, Brust & Schultern - 80 kg · Schwarz","Biegen. Drücken. Brennen. Der ArmForce Power-Twister ist ein Federstab für Arme, Brust und Schultern. Einfach vor der Brust greifen und zusammendrücken – ein komplettes Oberkörper-Workout ohne Hantelbank, direkt im Wohnzimmer. Warum du es willst Trainiert Arme, Brust, Schultern und Griffkraft in einem Gerät Leise Feder – kein Klappern, auch spät abends Rutschfeste Griffe für sicheren Halt Widerstände von 4 bis 100 kg – vom Einstieg bis zum Beast-Mode Technische Daten Widerstand je nach Variante 4–100 kg Mechanik Stahlfeder, leise Griffe rutschfest gepolstert Einsatz Arme, Brust, Schultern, Griff Lieferumfang 1 × ArmForce Power-Twister in der gewählten Stärke Sportartikel, kein Medizinprodukt. Vor Gebrauch auf Beschädigungen prüfen, Belastung langsam steigern und bei Beschwerden ärztlichen Rat einholen.","in stock","new","27.99 EUR","https://www.deskrebel.store/products/armforce-power-twister?variant=58799611249014","https://cdn.shopify.com/s/files/1/1019/2368/4726/files/hf_20260924_050235_e44aa77d-9b68-4629-8a9c-85fd8bf7867c.png?v=1790227140","https://cdn.shopify.com/s/files/1/1019/2368/4726/files/hf_20260924_045412_fc0b9e6e-b910-4991-8b7d-f636bbe00c15.png?v=1790227140,https://cdn.shopify.com/s/files/1/1019/2368/4726/files/hf_20260924_050118_f2cd75f9-9d3e-4398-864d-e4a8b619e244.png?v=1790227140,https://cdn.shopify.com/s/files/1/1019/2368/4726/files/hf_20260924_050118_b4d17825-85b9-4cea-8186-dc48767db15a.png?v=1790227140,https://cdn.shopify.com/s/files/1/1019/2368/4726/files/hf_20260924_050118_7dd2b74d-e0d2-40ab-9e2b-f9789efa3aef.png?v=1790227140,https://cdn.shopify.com/s/files/1/1019/2368/4726/files/hf_20260924_050235_9c4ea552-3da2-4af6-aa23-dcca44cf1392.png?v=1790227140,https://cdn.shopify.com/s/files/1/1019/2368/4726/files/hf_20260924_050118_08b89da5-eefb-448c-8a11-41acadd7d238.png?v=1790227140,https://cdn.shopify.com/s/files/1/1019/2368/4726/files/hf_20260924_050235_05589991-e9ba-472d-9569-c8510b67e108.png?v=1790227140,https://cdn.shopify.com/s/files/1/1019/2368/4726/files/hf_20260924_050235_f92653a2-7f8f-43ad-9d3c-ee3ed3a4d4b9.png?v=1790227140,https://cdn.shopify.com/s/files/1/1019/2368/4726/files/O1CN01ELLu1s1Djv6rv2Nts__2216097900253-0-cib.jpg?v=1790133307,https://cdn.shopify.com/s/files/1/1019/2368/4726/files/O1CN01RouQ1F1Djv6wPoQ3h__2216097900253-0-cib.jpg?v=1790133307","DeskRebel","","5170199489496","Kraftgeräte"
"15896044503414-58799611281782","15896044503414","DeskRebel ArmForce – Power-Twister für Arme, Brust & Schultern - 100 kg · Schwarz","Biegen. Drücken. Brennen. Der ArmForce Power-Twister ist ein Federstab für Arme, Brust und Schultern. Einfach vor der Brust greifen und zusammendrücken – ein komplettes Oberkörper-Workout ohne Hantelbank, direkt im Wohnzimmer. Warum du es willst Trainiert Arme, Brust, Schultern und Griffkraft in einem Gerät Leise Feder – kein Klappern, auch spät abends Rutschfeste Griffe für sicheren Halt Widerstände von 4 bis 100 kg – vom Einstieg bis zum Beast-Mode Technische Daten Widerstand je nach Variante 4–100 kg Mechanik Stahlfeder, leise Griffe rutschfest gepolstert Einsatz Arme, Brust, Schultern, Griff Lieferumfang 1 × ArmForce Power-Twister in der gewählten Stärke Sportartikel, kein Medizinprodukt. Vor Gebrauch auf Beschädigungen prüfen, Belastung langsam steigern und bei Beschwerden ärztlichen Rat einholen.","in stock","new","27.99 EUR","https://www.deskrebel.store/products/armforce-power-twister?variant=58799611281782","https://cdn.shopify.com/s/files/1/1019/2368/4726/files/hf_20260924_050235_e44aa77d-9b68-4629-8a9c-85fd8bf7867c.png?v=1790227140","https://cdn.shopify.com/s/files/1/1019/2368/4726/files/hf_20260924_045412_fc0b9e6e-b910-4991-8b7d-f636bbe00c15.png?v=1790227140,https://cdn.shopify.com/s/files/1/1019/2368/4726/files/hf_20260924_050118_f2cd75f9-9d3e-4398-864d-e4a8b619e244.png?v=1790227140,https://cdn.shopify.com/s/files/1/1019/2368/4726/files/hf_20260924_050118_b4d17825-85b9-4cea-8186-dc48767db15a.png?v=1790227140,https://cdn.shopify.com/s/files/1/1019/2368/4726/files/hf_20260924_050118_7dd2b74d-e0d2-40ab-9e2b-f9789efa3aef.png?v=1790227140,https://cdn.shopify.com/s/files/1/1019/2368/4726/files/hf_20260924_050235_9c4ea552-3da2-4af6-aa23-dcca44cf1392.png?v=1790227140,https://cdn.shopify.com/s/files/1/1019/2368/4726/files/hf_20260924_050118_08b89da5-eefb-448c-8a11-41acadd7d238.png?v=1790227140,https://cdn.shopify.com/s/files/1/1019/2368/4726/files/hf_20260924_050235_05589991-e9ba-472d-9569-c8510b67e108.png?v=1790227140,https://cdn.shopify.com/s/files/1/1019/2368/4726/files/hf_20260924_050235_f92653a2-7f8f-43ad-9d3c-ee3ed3a4d4b9.png?v=1790227140,https://cdn.shopify.com/s/files/1/1019/2368/4726/files/O1CN01ELLu1s1Djv6rv2Nts__2216097900253-0-cib.jpg?v=1790133307,https://cdn.shopify.com/s/files/1/1019/2368/4726/files/O1CN01RouQ1F1Djv6wPoQ3h__2216097900253-0-cib.jpg?v=1790133307","DeskRebel","","5170199489497","Kraftgeräte"
"15896044503414-58799611314550","15896044503414","DeskRebel ArmForce – Power-Twister für Arme, Brust & Schultern - 4 kg · Mini · Schwarz","Biegen. Drücken. Brennen. Der ArmForce Power-Twister ist ein Federstab für Arme, Brust und Schultern. Einfach vor der Brust greifen und zusammendrücken – ein komplettes Oberkörper-Workout ohne Hantelbank, direkt im Wohnzimmer. Warum du es willst Trainiert Arme, Brust, Schultern und Griffkraft in einem Gerät Leise Feder – kein Klappern, auch spät abends Rutschfeste Griffe für sicheren Halt Widerstände von 4 bis 100 kg – vom Einstieg bis zum Beast-Mode Technische Daten Widerstand je nach Variante 4–100 kg Mechanik Stahlfeder, leise Griffe rutschfest gepolstert Einsatz Arme, Brust, Schultern, Griff Lieferumfang 1 × ArmForce Power-Twister in der gewählten Stärke Sportartikel, kein Medizinprodukt. Vor Gebrauch auf Beschädigungen prüfen, Belastung langsam steigern und bei Beschwerden ärztlichen Rat einholen.","in stock","new","26.99 EUR","https://www.deskrebel.store/products/armforce-power-twister?variant=58799611314550","https://cdn.shopify.com/s/files/1/1019/2368/4726/files/hf_20260924_050235_f92653a2-7f8f-43ad-9d3c-ee3ed3a4d4b9.png?v=1790227140","https://cdn.shopify.com/s/files/1/1019/2368/4726/files/hf_20260924_045412_fc0b9e6e-b910-4991-8b7d-f636bbe00c15.png?v=1790227140,https://cdn.shopify.com/s/files/1/1019/2368/4726/files/hf_20260924_050118_f2cd75f9-9d3e-4398-864d-e4a8b619e244.png?v=1790227140,https://cdn.shopify.com/s/files/1/1019/2368/4726/files/hf_20260924_050118_b4d17825-85b9-4cea-8186-dc48767db15a.png?v=1790227140,https://cdn.shopify.com/s/files/1/1019/2368/4726/files/hf_20260924_050118_7dd2b74d-e0d2-40ab-9e2b-f9789efa3aef.png?v=1790227140,https://cdn.shopify.com/s/files/1/1019/2368/4726/files/hf_20260924_050235_9c4ea552-3da2-4af6-aa23-dcca44cf1392.png?v=1790227140,https://cdn.shopify.com/s/files/1/1019/2368/4726/files/hf_20260924_050118_08b89da5-eefb-448c-8a11-41acadd7d238.png?v=1790227140,https://cdn.shopify.com/s/files/1/1019/2368/4726/files/hf_20260924_050235_05589991-e9ba-472d-9569-c8510b67e108.png?v=1790227140,https://cdn.shopify.com/s/files/1/1019/2368/4726/files/hf_20260924_050235_e44aa77d-9b68-4629-8a9c-85fd8bf7867c.png?v=1790227140,https://cdn.shopify.com/s/files/1/1019/2368/4726/files/O1CN01ELLu1s1Djv6rv2Nts__2216097900253-0-cib.jpg?v=1790133307,https://cdn.shopify.com/s/files/1/1019/2368/4726/files/O1CN01RouQ1F1Djv6wPoQ3h__2216097900253-0-cib.jpg?v=1790133307","DeskRebel","","5170199489498","Kraftgeräte"
